-- phpMyAdmin SQL Dump
-- version 3.5.4
-- http://www.phpmyadmin.net
--
-- Host: localhost
-- Generation Time: Apr 29, 2016 at 02:53 AM
-- Server version: 5.5.42-37.1-log
-- PHP Version: 5.4.43

SET SQL_MODE="NO_AUTO_VALUE_ON_ZERO";
SET time_zone = "+00:00";


/*!40101 SET @OLD_CHARACTER_SET_CLIENT=@@CHARACTER_SET_CLIENT */;
/*!40101 SET @OLD_CHARACTER_SET_RESULTS=@@CHARACTER_SET_RESULTS */;
/*!40101 SET @OLD_COLLATION_CONNECTION=@@COLLATION_CONNECTION */;
/*!40101 SET NAMES utf8 */;

--
-- Database: `modernie_sentrokpi`
--

-- --------------------------------------------------------

--
-- Table structure for table `division`
--

CREATE TABLE IF NOT EXISTS `division` (
  `division_id` int(50) NOT NULL AUTO_INCREMENT,
  `division_name` varchar(255) NOT NULL,
  `organization_id` int(50) NOT NULL,
  `created_time` timestamp NOT NULL DEFAULT CURRENT_TIMESTAMP,
  `active_status` tinyint(4) NOT NULL DEFAULT '1',
  PRIMARY KEY (`division_id`)
) ENGINE=InnoDB  DEFAULT CHARSET=latin1 AUTO_INCREMENT=7 ;

--
-- Dumping data for table `division`
--

INSERT INTO `division` (`division_id`, `division_name`, `organization_id`, `created_time`, `active_status`) VALUES
(1, 'Sales', 1, '2016-03-24 03:21:45', 1),
(2, 'Production', 1, '2016-03-24 03:21:58', 1),
(3, 'Administration', 1, '2016-03-25 09:56:45', 1),
(4, 'Sales', 2, '2016-04-08 02:30:52', 1),
(5, 'Sales', 2, '2016-04-08 02:31:09', 0),
(6, 'manufacturing', 3, '2016-04-29 04:45:56', 1);

-- --------------------------------------------------------

--
-- Table structure for table `divisional_head`
--

CREATE TABLE IF NOT EXISTS `divisional_head` (
  `division_head_id` int(50) NOT NULL AUTO_INCREMENT,
  `user_id` int(50) NOT NULL,
  `division_id` int(50) NOT NULL,
  `created_time` timestamp NOT NULL DEFAULT CURRENT_TIMESTAMP,
  `active_status` tinyint(4) NOT NULL DEFAULT '1',
  PRIMARY KEY (`division_head_id`)
) ENGINE=InnoDB  DEFAULT CHARSET=latin1 AUTO_INCREMENT=5 ;

--
-- Dumping data for table `divisional_head`
--

INSERT INTO `divisional_head` (`division_head_id`, `user_id`, `division_id`, `created_time`, `active_status`) VALUES
(1, 30, 1, '2016-03-24 03:22:46', 1),
(2, 31, 2, '2016-03-24 03:23:16', 1),
(3, 33, 4, '2016-04-08 02:33:10', 1),
(4, 35, 6, '2016-04-29 04:51:21', 1);

-- --------------------------------------------------------

--
-- Table structure for table `employee`
--

CREATE TABLE IF NOT EXISTS `employee` (
  `employee_id` int(50) NOT NULL AUTO_INCREMENT,
  `employee_name` text NOT NULL,
  `division_id` int(50) NOT NULL,
  `created_time` timestamp NOT NULL DEFAULT CURRENT_TIMESTAMP,
  `active_status` tinyint(4) NOT NULL DEFAULT '1',
  PRIMARY KEY (`employee_id`)
) ENGINE=InnoDB  DEFAULT CHARSET=latin1 AUTO_INCREMENT=8 ;

--
-- Dumping data for table `employee`
--

INSERT INTO `employee` (`employee_id`, `employee_name`, `division_id`, `created_time`, `active_status`) VALUES
(1, 'Amal', 1, '2016-03-24 03:23:37', 1),
(2, 'Bimal', 1, '2016-03-24 03:23:51', 1),
(3, 'Chamara', 1, '2016-03-24 03:24:04', 1),
(4, 'Dasun', 2, '2016-03-24 03:24:32', 1),
(5, 'Eranda', 2, '2016-03-24 03:24:44', 1),
(6, 'Eranda', 2, '2016-03-24 03:25:09', 0),
(7, 'Farhan', 2, '2016-03-24 03:26:21', 1);

-- --------------------------------------------------------

--
-- Table structure for table `kpi`
--

CREATE TABLE IF NOT EXISTS `kpi` (
  `kpi_id` int(50) NOT NULL AUTO_INCREMENT,
  `organization_id` int(50) NOT NULL,
  `kpi_name` varchar(255) NOT NULL,
  `description` text NOT NULL,
  `repeat_duration` text NOT NULL,
  `status_determination` text NOT NULL,
  `operation_status` int(2) NOT NULL,
  `value_status` varchar(255) NOT NULL,
  `value1` float NOT NULL,
  `value2` float NOT NULL,
  `value_status1` varchar(255) NOT NULL,
  `value_status2` varchar(255) NOT NULL,
  `value_status3` varchar(255) NOT NULL,
  `created_tme` timestamp NOT NULL DEFAULT CURRENT_TIMESTAMP,
  `active_status` int(11) NOT NULL DEFAULT '1',
  PRIMARY KEY (`kpi_id`)
) ENGINE=InnoDB  DEFAULT CHARSET=latin1 AUTO_INCREMENT=24 ;

--
-- Dumping data for table `kpi`
--

INSERT INTO `kpi` (`kpi_id`, `organization_id`, `kpi_name`, `description`, `repeat_duration`, `status_determination`, `operation_status`, `value_status`, `value1`, `value2`, `value_status1`, `value_status2`, `value_status3`, `created_tme`, `active_status`) VALUES
(1, 1, 'Monthly Sales', '', '3', 'by_value', 1, '', 1, 0, '', '', '', '2016-03-24 03:27:35', 1),
(2, 1, 'working hours', '', '1', 'by_value', 1, '', 1, 0, '', '', '', '2016-03-24 03:28:22', 1),
(3, 1, 'Customer complains', '', '3', 'by_value', 2, '', 1, 0, '', '', '', '2016-03-24 03:29:30', 1),
(4, 1, 'Production Wastage', '', '3', 'by_range', 2, '', 0.95, 1.05, '', '', '', '2016-03-24 03:30:23', 1),
(5, 1, 'Creditors Settlement Period', '', '3', 'by_range', 1, '', 0.9, 1.1, '', '', '', '2016-03-24 03:31:17', 1),
(6, 2, 'Sales Revenue', '', '3', 'by_range', 1, '', 0.9, 1, '', '', '', '2016-04-08 02:34:55', 1),
(7, 2, 'Gross Profit Margin %', '', '3', 'by_range', 1, '', 0.9, 1, '', '', '', '2016-04-08 02:38:46', 1),
(8, 2, 'Product Return %', '', '3', 'by_range', 2, '', 0.9, 1, '', '', '', '2016-04-08 02:42:08', 1),
(9, 2, 'Value of Product Warranty Claims', '', '3', 'by_range', 2, '', 0.9, 1, '', '', '', '2016-04-08 03:04:53', 1),
(10, 2, 'Sales Revenue per Sales Representative', '', '3', 'by_range', 1, '', 0.9, 1, '', '', '', '2016-04-08 03:07:39', 1),
(11, 2, 'Gross Profit per Sales Representative', '', '3', 'by_range', 1, '', 0.9, 1, '', '', '', '2016-04-08 03:13:48', 1),
(12, 2, 'Sales Staff Costs to Sales Revenue', '', '3', 'by_range', 2, '', 0.9, 1, '', '', '', '2016-04-08 03:17:27', 1),
(13, 2, 'Discount % to Sales Revenue', '', '3', 'by_range', 2, '', 0.9, 1, '', '', '', '2016-04-08 03:19:57', 1),
(14, 2, 'Transportation Costs to Sales Revenue', '', '3', 'by_range', 2, '', 0.9, 1, '', '', '', '2016-04-08 03:20:45', 1),
(15, 2, 'Administration Costs to Sales Revenue', '', '3', 'by_range', 2, '', 0.9, 1, '', '', '', '2016-04-08 03:21:26', 1),
(16, 2, 'Marketing Costs to Sales Revenue', '', '3', 'by_range', 2, '', 0.9, 1, '', '', '', '2016-04-08 03:25:02', 1),
(17, 2, 'Debtors Collection Period', '', '3', 'by_range', 2, '', 1, 1.1, '', '', '', '2016-04-08 03:26:21', 1),
(18, 2, 'Provision for Bad Debts to Sales Revenue', '', '3', 'by_range', 2, '', 0.9, 1, '', '', '', '2016-04-08 03:27:26', 1),
(19, 2, 'Stock Holding Period', '', '3', 'by_range', 2, '', 0.9, 1, '', '', '', '2016-04-08 03:29:06', 1),
(20, 2, 'Creditors Settlement Period', '', '3', 'by_range', 1, '', 1, 1.1, '', '', '', '2016-04-08 03:29:35', 1),
(21, 2, 'Bank Interest Cost to Sales Revenue', '', '3', 'by_range', 2, '', 0.9, 1, '', '', '', '2016-04-08 03:30:16', 1),
(22, 2, 'Net Profit', '', '3', 'by_range', 1, '', 0.9, 1, '', '', '', '2016-04-08 03:31:24', 1),
(23, 2, 'Net Profit Margin', '', '3', 'by_range', 1, '', 0.9, 1, '', '', '', '2016-04-08 03:31:51', 1);

-- --------------------------------------------------------

--
-- Table structure for table `kpi_association`
--

CREATE TABLE IF NOT EXISTS `kpi_association` (
  `target_value` float NOT NULL,
  `actual_value` float NOT NULL,
  `accumulated_target_value` float NOT NULL,
  `accumulated_actual_value` float NOT NULL,
  `association_level` int(11) NOT NULL,
  `association_id` int(50) NOT NULL AUTO_INCREMENT,
  `kpi_id` int(50) NOT NULL,
  `organization_id` int(50) NOT NULL,
  `division_id` int(50) NOT NULL,
  `employee_id` int(50) NOT NULL,
  `repeat_instance` varchar(255) NOT NULL,
  `created_time` timestamp NOT NULL DEFAULT CURRENT_TIMESTAMP,
  `active_status` tinyint(4) NOT NULL DEFAULT '1',
  PRIMARY KEY (`association_id`)
) ENGINE=InnoDB  DEFAULT CHARSET=latin1 AUTO_INCREMENT=48 ;

--
-- Dumping data for table `kpi_association`
--

INSERT INTO `kpi_association` (`target_value`, `actual_value`, `accumulated_target_value`, `accumulated_actual_value`, `association_level`, `association_id`, `kpi_id`, `organization_id`, `division_id`, `employee_id`, `repeat_instance`, `created_time`, `active_status`) VALUES
(150000, 0, 600000, 160000, 0, 1, 1, 1, 1, 0, '', '2016-03-24 03:32:01', 1),
(54, 0, 1998, 153, 0, 2, 2, 1, 1, 0, '', '2016-03-24 03:32:32', 1),
(12, 0, 48, 10, 0, 3, 3, 1, 1, 0, '', '2016-03-24 03:32:55', 1),
(45, 0, 180, 45, 0, 4, 4, 1, 2, 0, '', '2016-03-24 03:34:04', 1),
(60, 0, 240, 60, 0, 5, 5, 1, 2, 0, '', '2016-03-24 03:34:23', 1),
(27, 0, 999, 65, 0, 6, 2, 1, 2, 0, '', '2016-03-24 03:34:45', 1),
(9, 0, 9, 8, 0, 9, 2, 1, 1, 1, '', '2016-03-24 04:00:52', 0),
(4, 0, 16, 4, 0, 10, 3, 1, 1, 1, '', '2016-03-24 04:11:38', 1),
(50000, 0, 200000, 45000, 0, 11, 1, 1, 1, 2, '', '2016-03-24 04:12:19', 1),
(9, 0, 333, 20, 0, 12, 2, 1, 1, 2, '', '2016-03-24 04:12:45', 1),
(4, 0, 16, 5, 0, 13, 3, 1, 1, 2, '', '2016-03-24 04:13:09', 1),
(50000, 0, 200000, 45000, 0, 14, 1, 1, 1, 3, '', '2016-03-24 04:13:59', 1),
(9, 0, 333, 17, 0, 15, 2, 1, 1, 3, '', '2016-03-24 04:14:17', 1),
(4, 0, 16, 3, 0, 16, 3, 1, 1, 3, '', '2016-03-24 04:14:39', 1),
(9, 0, 333, 15, 0, 17, 2, 1, 2, 4, '', '2016-03-24 04:15:03', 1),
(9, 0, 333, 17, 0, 18, 2, 1, 2, 5, '', '2016-03-24 04:15:14', 1),
(9, 0, 333, 17, 0, 19, 2, 1, 2, 7, '', '2016-03-24 04:15:27', 1),
(10, 0, 40, 9, 0, 20, 4, 1, 2, 4, '', '2016-03-24 04:15:43', 1),
(10, 0, 40, 12, 0, 21, 4, 1, 2, 5, '', '2016-03-24 04:15:56', 1),
(25, 0, 100, 27, 0, 22, 4, 1, 2, 7, '', '2016-03-24 04:16:12', 1),
(20, 0, 80, 18, 0, 23, 5, 1, 2, 4, '', '2016-03-24 04:16:42', 1),
(20, 0, 80, 20, 0, 24, 5, 1, 2, 5, '', '2016-03-24 04:17:07', 1),
(20, 0, 80, 16, 0, 25, 5, 1, 2, 7, '', '2016-03-24 04:17:23', 1),
(50000, 0, 0, 0, 0, 26, 1, 1, 1, 1, '', '2016-03-24 06:37:34', 0),
(9, 0, 324, 8, 0, 27, 2, 1, 1, 1, '', '2016-03-24 06:37:45', 1),
(50000, 0, 0, 0, 0, 28, 1, 1, 1, 1, '', '2016-03-24 06:38:21', 0),
(50000, 0, 200000, 55000, 0, 29, 1, 1, 1, 1, '', '2016-03-24 06:42:31', 1),
(25000000, 27000000, 75000000, 78000000, 0, 30, 6, 2, 4, 0, '', '2016-04-08 02:35:30', 1),
(25, 27, 75, 64, 0, 31, 7, 2, 4, 0, '', '2016-04-08 02:43:42', 1),
(2, 2.5, 6, 6.9, 0, 32, 8, 2, 4, 0, '', '2016-04-08 02:44:13', 1),
(500000, 550000, 1500000, 1650000, 0, 33, 9, 2, 4, 0, '', '2016-04-08 03:32:49', 1),
(1000000, 1500000, 3000000, 3250000, 0, 34, 10, 2, 4, 0, '', '2016-04-08 03:35:05', 1),
(250000, 260000, 750000, 620000, 0, 35, 11, 2, 4, 0, '', '2016-04-08 03:35:27', 1),
(2000000, 2600000, 6000000, 6700000, 0, 36, 12, 2, 4, 0, '', '2016-04-08 03:35:52', 1),
(5, 6, 15, 18, 0, 37, 13, 2, 4, 0, '', '2016-04-08 03:41:05', 1),
(5, 7, 15, 21, 0, 38, 14, 2, 4, 0, '', '2016-04-08 03:42:37', 1),
(10, 11, 30, 35, 0, 39, 15, 2, 4, 0, '', '2016-04-08 03:42:59', 1),
(10, 12, 30, 34, 0, 40, 16, 2, 4, 0, '', '2016-04-08 03:43:23', 1),
(60, 68, 180, 199, 0, 41, 17, 2, 4, 0, '', '2016-04-08 03:43:53', 1),
(500000, 580000, 1500000, 2030000, 0, 42, 18, 2, 4, 0, '', '2016-04-08 04:13:14', 1),
(60, 66, 180, 210, 0, 43, 19, 2, 4, 0, '', '2016-04-08 04:18:35', 1),
(45, 46, 135, 155, 0, 44, 20, 2, 4, 0, '', '2016-04-08 04:18:57', 1),
(2, 2.5, 6, 7.4, 0, 45, 21, 2, 4, 0, '', '2016-04-08 04:19:35', 1),
(2000000, 2850000, 6000000, 5200000, 0, 46, 22, 2, 4, 0, '', '2016-04-08 04:19:50', 1),
(7.5, 9.5, 22.5, 19, 0, 47, 23, 2, 4, 0, '', '2016-04-08 04:24:19', 1);

-- --------------------------------------------------------

--
-- Table structure for table `manager`
--

CREATE TABLE IF NOT EXISTS `manager` (
  `manager_id` int(50) NOT NULL AUTO_INCREMENT,
  `user_id` int(50) NOT NULL,
  `organization_id` int(50) NOT NULL,
  `created_time` timestamp NOT NULL DEFAULT CURRENT_TIMESTAMP,
  `active_status` tinyint(4) NOT NULL DEFAULT '1',
  PRIMARY KEY (`manager_id`)
) ENGINE=InnoDB  DEFAULT CHARSET=latin1 AUTO_INCREMENT=4 ;

--
-- Dumping data for table `manager`
--

INSERT INTO `manager` (`manager_id`, `user_id`, `organization_id`, `created_time`, `active_status`) VALUES
(1, 29, 1, '2016-03-24 03:21:26', 1),
(2, 32, 2, '2016-04-08 02:32:06', 1),
(3, 34, 3, '2016-04-29 04:43:38', 1);

-- --------------------------------------------------------

--
-- Table structure for table `organization`
--

CREATE TABLE IF NOT EXISTS `organization` (
  `organization_id` int(50) NOT NULL AUTO_INCREMENT,
  `organization_name` varchar(255) NOT NULL,
  `organization_uid` varchar(255) NOT NULL,
  `created_time` timestamp NOT NULL DEFAULT CURRENT_TIMESTAMP,
  `active_status` tinyint(4) NOT NULL DEFAULT '1',
  PRIMARY KEY (`organization_id`)
) ENGINE=InnoDB  DEFAULT CHARSET=latin1 AUTO_INCREMENT=4 ;

--
-- Dumping data for table `organization`
--

INSERT INTO `organization` (`organization_id`, `organization_name`, `organization_uid`, `created_time`, `active_status`) VALUES
(1, 'modernie', 'modernie', '2016-03-24 03:20:20', 1),
(2, 'Best_Trading_Company', 'btc', '2016-04-08 02:30:29', 1),
(3, 'Best_Manufacturing_Company', 'bmc', '2016-04-29 04:41:48', 1);

-- --------------------------------------------------------

--
-- Table structure for table `records`
--

CREATE TABLE IF NOT EXISTS `records` (
  `record_id` int(50) NOT NULL AUTO_INCREMENT,
  `association_id` int(50) NOT NULL,
  `target_value` float NOT NULL,
  `actual_value` float NOT NULL,
  `accumulated_target_value` float NOT NULL,
  `accumulated_actual_value` float NOT NULL,
  `created_time` timestamp NOT NULL DEFAULT CURRENT_TIMESTAMP ON UPDATE CURRENT_TIMESTAMP,
  PRIMARY KEY (`record_id`)
) ENGINE=InnoDB  DEFAULT CHARSET=utf8 AUTO_INCREMENT=415 ;

--
-- Dumping data for table `records`
--

INSERT INTO `records` (`record_id`, `association_id`, `target_value`, `actual_value`, `accumulated_target_value`, `accumulated_actual_value`, `created_time`) VALUES
(1, 2, 54, 53, 54, 53, '2016-03-24 17:30:07'),
(2, 6, 27, 20, 27, 20, '2016-03-24 17:30:07'),
(3, 9, 9, 8, 9, 8, '2016-03-24 17:30:07'),
(4, 12, 9, 10, 9, 10, '2016-03-24 17:30:07'),
(5, 15, 9, 8, 9, 8, '2016-03-24 17:30:07'),
(6, 17, 9, 7, 9, 7, '2016-03-24 17:30:07'),
(7, 18, 9, 10, 9, 10, '2016-03-24 17:30:07'),
(8, 19, 9, 11, 9, 11, '2016-03-24 17:30:07'),
(9, 2, 54, 50, 108, 103, '2016-03-25 17:30:05'),
(10, 6, 27, 20, 54, 40, '2016-03-25 17:30:05'),
(11, 12, 9, 10, 18, 20, '2016-03-25 17:30:05'),
(12, 15, 9, 9, 18, 17, '2016-03-25 17:30:05'),
(13, 17, 9, 8, 18, 15, '2016-03-25 17:30:05'),
(14, 18, 9, 7, 18, 17, '2016-03-25 17:30:05'),
(15, 19, 9, 6, 18, 17, '2016-03-25 17:30:05'),
(16, 27, 9, 8, 9, 8, '2016-03-25 17:30:05'),
(17, 2, 54, 50, 162, 153, '2016-03-26 17:30:05'),
(18, 6, 27, 25, 81, 65, '2016-03-26 17:30:05'),
(19, 12, 9, 0, 27, 20, '2016-03-26 17:30:05'),
(20, 15, 9, 0, 27, 17, '2016-03-26 17:30:05'),
(21, 17, 9, 0, 27, 15, '2016-03-26 17:30:05'),
(22, 18, 9, 0, 27, 17, '2016-03-26 17:30:05'),
(23, 19, 9, 0, 27, 17, '2016-03-26 17:30:05'),
(24, 27, 9, 0, 18, 8, '2016-03-26 17:30:05'),
(25, 2, 54, 0, 216, 153, '2016-03-27 17:30:05'),
(26, 6, 27, 0, 108, 65, '2016-03-27 17:30:05'),
(27, 12, 9, 0, 36, 20, '2016-03-27 17:30:05'),
(28, 15, 9, 0, 36, 17, '2016-03-27 17:30:05'),
(29, 17, 9, 0, 36, 15, '2016-03-27 17:30:05'),
(30, 18, 9, 0, 36, 17, '2016-03-27 17:30:05'),
(31, 19, 9, 0, 36, 17, '2016-03-27 17:30:05'),
(32, 27, 9, 0, 27, 8, '2016-03-27 17:30:05'),
(33, 2, 54, 0, 270, 153, '2016-03-28 17:30:07'),
(34, 6, 27, 0, 135, 65, '2016-03-28 17:30:07'),
(35, 12, 9, 0, 45, 20, '2016-03-28 17:30:07'),
(36, 15, 9, 0, 45, 17, '2016-03-28 17:30:07'),
(37, 17, 9, 0, 45, 15, '2016-03-28 17:30:07'),
(38, 18, 9, 0, 45, 17, '2016-03-28 17:30:07'),
(39, 19, 9, 0, 45, 17, '2016-03-28 17:30:07'),
(40, 27, 9, 0, 36, 8, '2016-03-28 17:30:07'),
(41, 2, 54, 0, 324, 153, '2016-03-29 17:30:05'),
(42, 6, 27, 0, 162, 65, '2016-03-29 17:30:05'),
(43, 12, 9, 0, 54, 20, '2016-03-29 17:30:05'),
(44, 15, 9, 0, 54, 17, '2016-03-29 17:30:05'),
(45, 17, 9, 0, 54, 15, '2016-03-29 17:30:05'),
(46, 18, 9, 0, 54, 17, '2016-03-29 17:30:05'),
(47, 19, 9, 0, 54, 17, '2016-03-29 17:30:05'),
(48, 27, 9, 0, 45, 8, '2016-03-29 17:30:05'),
(49, 2, 54, 0, 378, 153, '2016-03-30 17:30:06'),
(50, 6, 27, 0, 189, 65, '2016-03-30 17:30:06'),
(51, 12, 9, 0, 63, 20, '2016-03-30 17:30:06'),
(52, 15, 9, 0, 63, 17, '2016-03-30 17:30:06'),
(53, 17, 9, 0, 63, 15, '2016-03-30 17:30:06'),
(54, 18, 9, 0, 63, 17, '2016-03-30 17:30:06'),
(55, 19, 9, 0, 63, 17, '2016-03-30 17:30:06'),
(56, 27, 9, 0, 54, 8, '2016-03-30 17:30:06'),
(57, 2, 54, 0, 432, 153, '2016-03-31 17:30:05'),
(58, 6, 27, 0, 216, 65, '2016-03-31 17:30:05'),
(59, 12, 9, 0, 72, 20, '2016-03-31 17:30:05'),
(60, 15, 9, 0, 72, 17, '2016-03-31 17:30:05'),
(61, 17, 9, 0, 72, 15, '2016-03-31 17:30:05'),
(62, 18, 9, 0, 72, 17, '2016-03-31 17:30:05'),
(63, 19, 9, 0, 72, 17, '2016-03-31 17:30:05'),
(64, 27, 9, 0, 63, 8, '2016-03-31 17:30:05'),
(65, 2, 54, 0, 486, 153, '2016-04-01 17:30:07'),
(66, 6, 27, 0, 243, 65, '2016-04-01 17:30:07'),
(67, 12, 9, 0, 81, 20, '2016-04-01 17:30:07'),
(68, 15, 9, 0, 81, 17, '2016-04-01 17:30:07'),
(69, 17, 9, 0, 81, 15, '2016-04-01 17:30:07'),
(70, 18, 9, 0, 81, 17, '2016-04-01 17:30:07'),
(71, 19, 9, 0, 81, 17, '2016-04-01 17:30:07'),
(72, 27, 9, 0, 72, 8, '2016-04-01 17:30:07'),
(73, 1, 150000, 160000, 150000, 160000, '2016-04-01 17:30:07'),
(74, 11, 50000, 45000, 50000, 45000, '2016-04-01 17:30:07'),
(75, 14, 50000, 45000, 50000, 45000, '2016-04-01 17:30:07'),
(76, 29, 50000, 55000, 50000, 55000, '2016-04-01 17:30:07'),
(77, 3, 12, 10, 12, 10, '2016-04-01 17:30:07'),
(78, 10, 4, 4, 4, 4, '2016-04-01 17:30:07'),
(79, 13, 4, 5, 4, 5, '2016-04-01 17:30:07'),
(80, 16, 4, 3, 4, 3, '2016-04-01 17:30:07'),
(81, 4, 45, 45, 45, 45, '2016-04-01 17:30:07'),
(82, 20, 10, 9, 10, 9, '2016-04-01 17:30:07'),
(83, 21, 10, 12, 10, 12, '2016-04-01 17:30:07'),
(84, 22, 25, 27, 25, 27, '2016-04-01 17:30:07'),
(85, 5, 60, 60, 60, 60, '2016-04-01 17:30:07'),
(86, 23, 20, 18, 20, 18, '2016-04-01 17:30:07'),
(87, 24, 20, 20, 20, 20, '2016-04-01 17:30:07'),
(88, 25, 20, 16, 20, 16, '2016-04-01 17:30:07'),
(89, 2, 54, 0, 540, 153, '2016-04-02 17:30:05'),
(90, 6, 27, 0, 270, 65, '2016-04-02 17:30:05'),
(91, 12, 9, 0, 90, 20, '2016-04-02 17:30:05'),
(92, 15, 9, 0, 90, 17, '2016-04-02 17:30:05'),
(93, 17, 9, 0, 90, 15, '2016-04-02 17:30:05'),
(94, 18, 9, 0, 90, 17, '2016-04-02 17:30:05'),
(95, 19, 9, 0, 90, 17, '2016-04-02 17:30:05'),
(96, 27, 9, 0, 81, 8, '2016-04-02 17:30:05'),
(97, 2, 54, 0, 594, 153, '2016-04-03 17:30:04'),
(98, 6, 27, 0, 297, 65, '2016-04-03 17:30:04'),
(99, 12, 9, 0, 99, 20, '2016-04-03 17:30:04'),
(100, 15, 9, 0, 99, 17, '2016-04-03 17:30:04'),
(101, 17, 9, 0, 99, 15, '2016-04-03 17:30:04'),
(102, 18, 9, 0, 99, 17, '2016-04-03 17:30:04'),
(103, 19, 9, 0, 99, 17, '2016-04-03 17:30:04'),
(104, 27, 9, 0, 90, 8, '2016-04-03 17:30:04'),
(105, 2, 54, 0, 648, 153, '2016-04-04 17:30:29'),
(106, 6, 27, 0, 324, 65, '2016-04-04 17:30:29'),
(107, 12, 9, 0, 108, 20, '2016-04-04 17:30:29'),
(108, 15, 9, 0, 108, 17, '2016-04-04 17:30:29'),
(109, 17, 9, 0, 108, 15, '2016-04-04 17:30:29'),
(110, 18, 9, 0, 108, 17, '2016-04-04 17:30:29'),
(111, 19, 9, 0, 108, 17, '2016-04-04 17:30:29'),
(112, 27, 9, 0, 99, 8, '2016-04-04 17:30:29'),
(113, 2, 54, 0, 702, 153, '2016-04-05 17:30:32'),
(114, 6, 27, 0, 351, 65, '2016-04-05 17:30:32'),
(115, 12, 9, 0, 117, 20, '2016-04-05 17:30:32'),
(116, 15, 9, 0, 117, 17, '2016-04-05 17:30:32'),
(117, 17, 9, 0, 117, 15, '2016-04-05 17:30:32'),
(118, 18, 9, 0, 117, 17, '2016-04-05 17:30:32'),
(119, 19, 9, 0, 117, 17, '2016-04-05 17:30:32'),
(120, 27, 9, 0, 108, 8, '2016-04-05 17:30:32'),
(121, 2, 54, 0, 756, 153, '2016-04-06 17:30:25'),
(122, 6, 27, 0, 378, 65, '2016-04-06 17:30:25'),
(123, 12, 9, 0, 126, 20, '2016-04-06 17:30:25'),
(124, 15, 9, 0, 126, 17, '2016-04-06 17:30:25'),
(125, 17, 9, 0, 126, 15, '2016-04-06 17:30:25'),
(126, 18, 9, 0, 126, 17, '2016-04-06 17:30:25'),
(127, 19, 9, 0, 126, 17, '2016-04-06 17:30:25'),
(128, 27, 9, 0, 117, 8, '2016-04-06 17:30:25'),
(129, 2, 54, 0, 810, 153, '2016-04-07 17:30:31'),
(130, 6, 27, 0, 405, 65, '2016-04-07 17:30:31'),
(131, 12, 9, 0, 135, 20, '2016-04-07 17:30:31'),
(132, 15, 9, 0, 135, 17, '2016-04-07 17:30:31'),
(133, 17, 9, 0, 135, 15, '2016-04-07 17:30:31'),
(134, 18, 9, 0, 135, 17, '2016-04-07 17:30:31'),
(135, 19, 9, 0, 135, 17, '2016-04-07 17:30:31'),
(136, 27, 9, 0, 126, 8, '2016-04-07 17:30:31'),
(137, 2, 54, 0, 864, 153, '2016-04-08 17:30:45'),
(138, 6, 27, 0, 432, 65, '2016-04-08 17:30:45'),
(139, 12, 9, 0, 144, 20, '2016-04-08 17:30:45'),
(140, 15, 9, 0, 144, 17, '2016-04-08 17:30:45'),
(141, 17, 9, 0, 144, 15, '2016-04-08 17:30:45'),
(142, 18, 9, 0, 144, 17, '2016-04-08 17:30:45'),
(143, 19, 9, 0, 144, 17, '2016-04-08 17:30:45'),
(144, 27, 9, 0, 135, 8, '2016-04-08 17:30:45'),
(145, 2, 54, 0, 918, 153, '2016-04-09 17:34:21'),
(146, 6, 27, 0, 459, 65, '2016-04-09 17:34:21'),
(147, 12, 9, 0, 153, 20, '2016-04-09 17:34:21'),
(148, 15, 9, 0, 153, 17, '2016-04-09 17:34:21'),
(149, 17, 9, 0, 153, 15, '2016-04-09 17:34:21'),
(150, 18, 9, 0, 153, 17, '2016-04-09 17:34:21'),
(151, 19, 9, 0, 153, 17, '2016-04-09 17:34:21'),
(152, 27, 9, 0, 144, 8, '2016-04-09 17:34:21'),
(153, 2, 54, 0, 972, 153, '2016-04-10 17:31:05'),
(154, 6, 27, 0, 486, 65, '2016-04-10 17:31:05'),
(155, 12, 9, 0, 162, 20, '2016-04-10 17:31:05'),
(156, 15, 9, 0, 162, 17, '2016-04-10 17:31:05'),
(157, 17, 9, 0, 162, 15, '2016-04-10 17:31:05'),
(158, 18, 9, 0, 162, 17, '2016-04-10 17:31:05'),
(159, 19, 9, 0, 162, 17, '2016-04-10 17:31:05'),
(160, 27, 9, 0, 153, 8, '2016-04-10 17:31:05'),
(161, 2, 54, 0, 1026, 153, '2016-04-11 17:30:41'),
(162, 6, 27, 0, 513, 65, '2016-04-11 17:30:41'),
(163, 12, 9, 0, 171, 20, '2016-04-11 17:30:41'),
(164, 15, 9, 0, 171, 17, '2016-04-11 17:30:41'),
(165, 17, 9, 0, 171, 15, '2016-04-11 17:30:41'),
(166, 18, 9, 0, 171, 17, '2016-04-11 17:30:41'),
(167, 19, 9, 0, 171, 17, '2016-04-11 17:30:41'),
(168, 27, 9, 0, 162, 8, '2016-04-11 17:30:41'),
(169, 2, 54, 0, 1080, 153, '2016-04-12 17:31:43'),
(170, 6, 27, 0, 540, 65, '2016-04-12 17:31:43'),
(171, 12, 9, 0, 180, 20, '2016-04-12 17:31:43'),
(172, 15, 9, 0, 180, 17, '2016-04-12 17:31:43'),
(173, 17, 9, 0, 180, 15, '2016-04-12 17:31:43'),
(174, 18, 9, 0, 180, 17, '2016-04-12 17:31:43'),
(175, 19, 9, 0, 180, 17, '2016-04-12 17:31:43'),
(176, 27, 9, 0, 171, 8, '2016-04-12 17:31:43'),
(177, 2, 54, 0, 1134, 153, '2016-04-13 17:31:18'),
(178, 6, 27, 0, 567, 65, '2016-04-13 17:31:18'),
(179, 12, 9, 0, 189, 20, '2016-04-13 17:31:18'),
(180, 15, 9, 0, 189, 17, '2016-04-13 17:31:18'),
(181, 17, 9, 0, 189, 15, '2016-04-13 17:31:18'),
(182, 18, 9, 0, 189, 17, '2016-04-13 17:31:18'),
(183, 19, 9, 0, 189, 17, '2016-04-13 17:31:18'),
(184, 27, 9, 0, 180, 8, '2016-04-13 17:31:18'),
(185, 2, 54, 0, 1188, 153, '2016-04-14 17:30:21'),
(186, 6, 27, 0, 594, 65, '2016-04-14 17:30:21'),
(187, 12, 9, 0, 198, 20, '2016-04-14 17:30:21'),
(188, 15, 9, 0, 198, 17, '2016-04-14 17:30:21'),
(189, 17, 9, 0, 198, 15, '2016-04-14 17:30:21'),
(190, 18, 9, 0, 198, 17, '2016-04-14 17:30:21'),
(191, 19, 9, 0, 198, 17, '2016-04-14 17:30:21'),
(192, 27, 9, 0, 189, 8, '2016-04-14 17:30:21'),
(193, 2, 54, 0, 1242, 153, '2016-04-15 17:30:21'),
(194, 6, 27, 0, 621, 65, '2016-04-15 17:30:21'),
(195, 12, 9, 0, 207, 20, '2016-04-15 17:30:21'),
(196, 15, 9, 0, 207, 17, '2016-04-15 17:30:21'),
(197, 17, 9, 0, 207, 15, '2016-04-15 17:30:21'),
(198, 18, 9, 0, 207, 17, '2016-04-15 17:30:21'),
(199, 19, 9, 0, 207, 17, '2016-04-15 17:30:21'),
(200, 27, 9, 0, 198, 8, '2016-04-15 17:30:21'),
(201, 2, 54, 0, 1296, 153, '2016-04-16 17:30:22'),
(202, 6, 27, 0, 648, 65, '2016-04-16 17:30:22'),
(203, 12, 9, 0, 216, 20, '2016-04-16 17:30:22'),
(204, 15, 9, 0, 216, 17, '2016-04-16 17:30:22'),
(205, 17, 9, 0, 216, 15, '2016-04-16 17:30:22'),
(206, 18, 9, 0, 216, 17, '2016-04-16 17:30:22'),
(207, 19, 9, 0, 216, 17, '2016-04-16 17:30:22'),
(208, 27, 9, 0, 207, 8, '2016-04-16 17:30:22'),
(209, 1, 150000, 0, 300000, 160000, '2016-04-17 04:49:30'),
(210, 3, 12, 0, 24, 10, '2016-04-17 04:49:30'),
(211, 4, 45, 0, 90, 45, '2016-04-17 04:49:30'),
(212, 5, 60, 0, 120, 60, '2016-04-17 04:49:30'),
(213, 10, 4, 0, 8, 4, '2016-04-17 04:49:30'),
(214, 11, 50000, 0, 100000, 45000, '2016-04-17 04:49:30'),
(215, 13, 4, 0, 8, 5, '2016-04-17 04:49:30'),
(216, 14, 50000, 0, 100000, 45000, '2016-04-17 04:49:30'),
(217, 16, 4, 0, 8, 3, '2016-04-17 04:49:30'),
(218, 20, 10, 0, 20, 9, '2016-04-17 04:49:30'),
(219, 21, 10, 0, 20, 12, '2016-04-17 04:49:30'),
(220, 22, 25, 0, 50, 27, '2016-04-17 04:49:30'),
(221, 23, 20, 0, 40, 18, '2016-04-17 04:49:30'),
(222, 24, 20, 0, 40, 20, '2016-04-17 04:49:30'),
(223, 25, 20, 0, 40, 16, '2016-04-17 04:49:30'),
(224, 29, 50000, 0, 100000, 55000, '2016-04-17 04:49:30'),
(225, 30, 25000000, 26000000, 25000000, 26000000, '2016-04-17 04:49:30'),
(226, 31, 25, 19, 25, 19, '2016-04-17 04:49:30'),
(227, 32, 2, 2.5, 2, 2.5, '2016-04-17 04:49:30'),
(228, 33, 500000, 550000, 500000, 550000, '2016-04-17 04:49:30'),
(229, 34, 1000000, 875000, 1000000, 875000, '2016-04-17 04:49:30'),
(230, 35, 250000, 190000, 250000, 190000, '2016-04-17 04:49:30'),
(231, 36, 2000000, 2200000, 2000000, 2200000, '2016-04-17 04:49:30'),
(232, 37, 5, 6, 5, 6, '2016-04-17 04:49:30'),
(233, 38, 5, 7, 5, 7, '2016-04-17 04:49:30'),
(234, 39, 10, 12, 10, 12, '2016-04-17 04:49:30'),
(235, 40, 10, 11, 10, 11, '2016-04-17 04:49:30'),
(236, 41, 60, 65, 60, 65, '2016-04-17 04:49:30'),
(237, 42, 500000, 800000, 500000, 800000, '2016-04-17 04:49:30'),
(238, 43, 60, 75, 60, 75, '2016-04-17 04:49:30'),
(239, 44, 45, 55, 45, 55, '2016-04-17 04:49:30'),
(240, 45, 2, 2.5, 2, 2.5, '2016-04-17 04:49:30'),
(241, 46, 2000000, 1450000, 2000000, 1450000, '2016-04-17 04:49:30'),
(242, 47, 7.5, 5, 7.5, 5, '2016-04-17 04:49:30'),
(243, 1, 150000, 0, 450000, 160000, '2016-04-17 04:55:47'),
(244, 3, 12, 0, 36, 10, '2016-04-17 04:55:47'),
(245, 4, 45, 0, 135, 45, '2016-04-17 04:55:47'),
(246, 5, 60, 0, 180, 60, '2016-04-17 04:55:47'),
(247, 10, 4, 0, 12, 4, '2016-04-17 04:55:47'),
(248, 11, 50000, 0, 150000, 45000, '2016-04-17 04:55:47'),
(249, 13, 4, 0, 12, 5, '2016-04-17 04:55:47'),
(250, 14, 50000, 0, 150000, 45000, '2016-04-17 04:55:47'),
(251, 16, 4, 0, 12, 3, '2016-04-17 04:55:47'),
(252, 20, 10, 0, 30, 9, '2016-04-17 04:55:47'),
(253, 21, 10, 0, 30, 12, '2016-04-17 04:55:47'),
(254, 22, 25, 0, 75, 27, '2016-04-17 04:55:47'),
(255, 23, 20, 0, 60, 18, '2016-04-17 04:55:47'),
(256, 24, 20, 0, 60, 20, '2016-04-17 04:55:47'),
(257, 25, 20, 0, 60, 16, '2016-04-17 04:55:47'),
(258, 29, 50000, 0, 150000, 55000, '2016-04-17 04:55:47'),
(259, 30, 25000000, 26000000, 50000000, 52000000, '2015-04-17 04:55:47'),
(260, 31, 25, 20, 50, 39, '2016-04-17 04:55:47'),
(261, 32, 2, 2.4, 4, 4.9, '2016-04-17 04:55:47'),
(262, 33, 500000, 550000, 1000000, 1100000, '2016-04-17 04:55:47'),
(263, 34, 1000000, 875000, 2000000, 1750000, '2016-04-17 04:55:47'),
(264, 35, 250000, 190000, 500000, 380000, '2016-04-17 04:55:47'),
(265, 36, 2000000, 2200000, 4000000, 4400000, '2016-04-17 04:55:47'),
(266, 37, 5, 6, 10, 12, '2016-04-17 04:55:47'),
(267, 38, 5, 7, 10, 14, '2016-04-17 04:55:47'),
(268, 39, 10, 12, 20, 24, '2016-04-17 04:55:47'),
(269, 40, 10, 11, 20, 22, '2016-04-17 04:55:47'),
(270, 41, 60, 64, 120, 129, '2016-04-17 04:55:47'),
(271, 42, 500000, 700000, 1000000, 1500000, '2016-04-17 04:55:47'),
(272, 43, 60, 70, 120, 145, '2016-04-17 04:55:47'),
(273, 44, 45, 50, 90, 105, '2016-04-17 04:55:47'),
(274, 45, 2, 2.5, 4, 4.9, '2016-04-16 17:34:41'),
(275, 46, 2000000, 1550000, 4000000, 3000000, '2016-04-17 04:55:47'),
(276, 47, 7.5, 6, 15, 11, '2016-04-17 04:55:47'),
(277, 1, 150000, 0, 600000, 160000, '2016-04-17 04:58:41'),
(278, 3, 12, 0, 48, 10, '2016-04-17 04:58:41'),
(279, 4, 45, 0, 180, 45, '2016-04-17 04:58:41'),
(280, 5, 60, 0, 240, 60, '2016-04-17 04:58:41'),
(281, 10, 4, 0, 16, 4, '2016-04-17 04:58:41'),
(282, 11, 50000, 0, 200000, 45000, '2016-04-17 04:58:41'),
(283, 13, 4, 0, 16, 5, '2016-04-17 04:58:41'),
(284, 14, 50000, 0, 200000, 45000, '2016-04-17 04:58:41'),
(285, 16, 4, 0, 16, 3, '2016-04-17 04:58:41'),
(286, 20, 10, 0, 40, 9, '2016-04-17 04:58:41'),
(287, 21, 10, 0, 40, 12, '2016-04-17 04:58:41'),
(288, 22, 25, 0, 100, 27, '2016-04-17 04:58:41'),
(289, 23, 20, 0, 80, 18, '2016-04-17 04:58:41'),
(290, 24, 20, 0, 80, 20, '2016-04-17 04:58:41'),
(291, 25, 20, 0, 80, 16, '2016-04-17 04:58:41'),
(292, 29, 50000, 0, 200000, 55000, '2016-04-17 04:58:41'),
(293, 30, 25000000, 26000000, 75000000, 78000000, '2016-04-17 04:58:41'),
(294, 31, 25, 25, 75, 64, '2016-04-17 04:58:41'),
(295, 32, 2, 2, 6, 6.9, '2016-04-17 04:58:41'),
(296, 33, 500000, 550000, 1500000, 1650000, '2016-04-17 04:58:41'),
(297, 34, 1000000, 1500000, 3000000, 3250000, '2016-04-17 04:58:41'),
(298, 35, 250000, 240000, 750000, 620000, '2016-04-17 04:58:41'),
(299, 36, 2000000, 2300000, 6000000, 6700000, '2016-04-17 04:58:41'),
(300, 37, 5, 6, 15, 18, '2016-04-17 04:58:41'),
(301, 38, 5, 7, 15, 21, '2016-04-17 04:58:41'),
(302, 39, 10, 11, 30, 35, '2016-04-17 04:58:41'),
(303, 40, 10, 12, 30, 34, '2016-04-17 04:58:41'),
(304, 41, 60, 70, 180, 199, '2016-04-17 04:58:41'),
(305, 42, 500000, 530000, 1500000, 2030000, '2016-04-17 04:58:41'),
(306, 43, 60, 65, 180, 210, '2016-04-17 04:58:41'),
(307, 44, 45, 50, 135, 155, '2016-04-17 04:58:41'),
(308, 45, 2, 2.5, 6, 7.4, '2016-04-17 04:58:41'),
(309, 46, 2000000, 2200000, 6000000, 5200000, '2016-04-17 04:58:41'),
(310, 47, 7.5, 8, 22.5, 19, '2016-04-17 04:58:41'),
(311, 2, 54, 0, 1350, 153, '2016-04-17 17:30:28'),
(312, 6, 27, 0, 675, 65, '2016-04-17 17:30:28'),
(313, 12, 9, 0, 225, 20, '2016-04-17 17:30:28'),
(314, 15, 9, 0, 225, 17, '2016-04-17 17:30:28'),
(315, 17, 9, 0, 225, 15, '2016-04-17 17:30:28'),
(316, 18, 9, 0, 225, 17, '2016-04-17 17:30:28'),
(317, 19, 9, 0, 225, 17, '2016-04-17 17:30:28'),
(318, 27, 9, 0, 216, 8, '2016-04-17 17:30:28'),
(319, 2, 54, 0, 1404, 153, '2016-04-18 17:30:23'),
(320, 6, 27, 0, 702, 65, '2016-04-18 17:30:23'),
(321, 12, 9, 0, 234, 20, '2016-04-18 17:30:23'),
(322, 15, 9, 0, 234, 17, '2016-04-18 17:30:23'),
(323, 17, 9, 0, 234, 15, '2016-04-18 17:30:23'),
(324, 18, 9, 0, 234, 17, '2016-04-18 17:30:23'),
(325, 19, 9, 0, 234, 17, '2016-04-18 17:30:23'),
(326, 27, 9, 0, 225, 8, '2016-04-18 17:30:23'),
(327, 2, 54, 0, 1458, 153, '2016-04-19 17:30:24'),
(328, 6, 27, 0, 729, 65, '2016-04-19 17:30:24'),
(329, 12, 9, 0, 243, 20, '2016-04-19 17:30:24'),
(330, 15, 9, 0, 243, 17, '2016-04-19 17:30:24'),
(331, 17, 9, 0, 243, 15, '2016-04-19 17:30:24'),
(332, 18, 9, 0, 243, 17, '2016-04-19 17:30:24'),
(333, 19, 9, 0, 243, 17, '2016-04-19 17:30:24'),
(334, 27, 9, 0, 234, 8, '2016-04-19 17:30:24'),
(335, 2, 54, 0, 1512, 153, '2016-04-20 17:31:35'),
(336, 6, 27, 0, 756, 65, '2016-04-20 17:31:35'),
(337, 12, 9, 0, 252, 20, '2016-04-20 17:31:35'),
(338, 15, 9, 0, 252, 17, '2016-04-20 17:31:35'),
(339, 17, 9, 0, 252, 15, '2016-04-20 17:31:35'),
(340, 18, 9, 0, 252, 17, '2016-04-20 17:31:35'),
(341, 19, 9, 0, 252, 17, '2016-04-20 17:31:35'),
(342, 27, 9, 0, 243, 8, '2016-04-20 17:31:35'),
(343, 2, 54, 0, 1566, 153, '2016-04-21 17:30:23'),
(344, 6, 27, 0, 783, 65, '2016-04-21 17:30:23'),
(345, 12, 9, 0, 261, 20, '2016-04-21 17:30:23'),
(346, 15, 9, 0, 261, 17, '2016-04-21 17:30:23'),
(347, 17, 9, 0, 261, 15, '2016-04-21 17:30:23'),
(348, 18, 9, 0, 261, 17, '2016-04-21 17:30:23'),
(349, 19, 9, 0, 261, 17, '2016-04-21 17:30:23'),
(350, 27, 9, 0, 252, 8, '2016-04-21 17:30:23'),
(351, 2, 54, 0, 1620, 153, '2016-04-22 17:30:46'),
(352, 6, 27, 0, 810, 65, '2016-04-22 17:30:46'),
(353, 12, 9, 0, 270, 20, '2016-04-22 17:30:46'),
(354, 15, 9, 0, 270, 17, '2016-04-22 17:30:46'),
(355, 17, 9, 0, 270, 15, '2016-04-22 17:30:46'),
(356, 18, 9, 0, 270, 17, '2016-04-22 17:30:46'),
(357, 19, 9, 0, 270, 17, '2016-04-22 17:30:46'),
(358, 27, 9, 0, 261, 8, '2016-04-22 17:30:46'),
(359, 2, 54, 0, 1674, 153, '2016-04-23 17:30:26'),
(360, 6, 27, 0, 837, 65, '2016-04-23 17:30:26'),
(361, 12, 9, 0, 279, 20, '2016-04-23 17:30:26'),
(362, 15, 9, 0, 279, 17, '2016-04-23 17:30:26'),
(363, 17, 9, 0, 279, 15, '2016-04-23 17:30:26'),
(364, 18, 9, 0, 279, 17, '2016-04-23 17:30:26'),
(365, 19, 9, 0, 279, 17, '2016-04-23 17:30:26'),
(366, 27, 9, 0, 270, 8, '2016-04-23 17:30:26'),
(367, 2, 54, 0, 1728, 153, '2016-04-24 17:30:23'),
(368, 6, 27, 0, 864, 65, '2016-04-24 17:30:23'),
(369, 12, 9, 0, 288, 20, '2016-04-24 17:30:23'),
(370, 15, 9, 0, 288, 17, '2016-04-24 17:30:23'),
(371, 17, 9, 0, 288, 15, '2016-04-24 17:30:23'),
(372, 18, 9, 0, 288, 17, '2016-04-24 17:30:23'),
(373, 19, 9, 0, 288, 17, '2016-04-24 17:30:23'),
(374, 27, 9, 0, 279, 8, '2016-04-24 17:30:23'),
(375, 2, 54, 0, 1782, 153, '2016-04-25 17:30:25'),
(376, 6, 27, 0, 891, 65, '2016-04-25 17:30:25'),
(377, 12, 9, 0, 297, 20, '2016-04-25 17:30:25'),
(378, 15, 9, 0, 297, 17, '2016-04-25 17:30:25'),
(379, 17, 9, 0, 297, 15, '2016-04-25 17:30:25'),
(380, 18, 9, 0, 297, 17, '2016-04-25 17:30:25'),
(381, 19, 9, 0, 297, 17, '2016-04-25 17:30:25'),
(382, 27, 9, 0, 288, 8, '2016-04-25 17:30:25'),
(383, 2, 54, 0, 1836, 153, '2016-04-26 17:30:25'),
(384, 6, 27, 0, 918, 65, '2016-04-26 17:30:25'),
(385, 12, 9, 0, 306, 20, '2016-04-26 17:30:25'),
(386, 15, 9, 0, 306, 17, '2016-04-26 17:30:25'),
(387, 17, 9, 0, 306, 15, '2016-04-26 17:30:25'),
(388, 18, 9, 0, 306, 17, '2016-04-26 17:30:25'),
(389, 19, 9, 0, 306, 17, '2016-04-26 17:30:25'),
(390, 27, 9, 0, 297, 8, '2016-04-26 17:30:25'),
(391, 2, 54, 0, 1890, 153, '2016-04-27 17:30:04'),
(392, 6, 27, 0, 945, 65, '2016-04-27 17:30:04'),
(393, 12, 9, 0, 315, 20, '2016-04-27 17:30:04'),
(394, 15, 9, 0, 315, 17, '2016-04-27 17:30:04'),
(395, 17, 9, 0, 315, 15, '2016-04-27 17:30:04'),
(396, 18, 9, 0, 315, 17, '2016-04-27 17:30:04'),
(397, 19, 9, 0, 315, 17, '2016-04-27 17:30:04'),
(398, 27, 9, 0, 306, 8, '2016-04-27 17:30:04'),
(399, 2, 54, 0, 1944, 153, '2016-04-28 17:30:04'),
(400, 6, 27, 0, 972, 65, '2016-04-28 17:30:04'),
(401, 12, 9, 0, 324, 20, '2016-04-28 17:30:04'),
(402, 15, 9, 0, 324, 17, '2016-04-28 17:30:04'),
(403, 17, 9, 0, 324, 15, '2016-04-28 17:30:04'),
(404, 18, 9, 0, 324, 17, '2016-04-28 17:30:04'),
(405, 19, 9, 0, 324, 17, '2016-04-28 17:30:04'),
(406, 27, 9, 0, 315, 8, '2016-04-28 17:30:04'),
(407, 2, 54, 0, 1998, 153, '2016-04-29 17:30:03'),
(408, 6, 27, 0, 999, 65, '2016-04-29 17:30:03'),
(409, 12, 9, 0, 333, 20, '2016-04-29 17:30:03'),
(410, 15, 9, 0, 333, 17, '2016-04-29 17:30:03'),
(411, 17, 9, 0, 333, 15, '2016-04-29 17:30:03'),
(412, 18, 9, 0, 333, 17, '2016-04-29 17:30:03'),
(413, 19, 9, 0, 333, 17, '2016-04-29 17:30:03'),
(414, 27, 9, 0, 324, 8, '2016-04-29 17:30:03');

-- --------------------------------------------------------

--
-- Table structure for table `user`
--

CREATE TABLE IF NOT EXISTS `user` (
  `user_id` int(50) NOT NULL AUTO_INCREMENT,
  `first_name` varchar(255) NOT NULL,
  `last_name` varchar(255) NOT NULL,
  `email` varchar(255) NOT NULL,
  `username` varchar(255) NOT NULL,
  `password` varchar(255) NOT NULL,
  `user_type` varchar(100) NOT NULL,
  `pwd_uniq_id` text NOT NULL,
  `active_pwd` tinyint(2) NOT NULL DEFAULT '0',
  `created_time` timestamp NOT NULL DEFAULT CURRENT_TIMESTAMP,
  `active_status` tinyint(4) NOT NULL DEFAULT '1',
  PRIMARY KEY (`user_id`)
) ENGINE=InnoDB  DEFAULT CHARSET=latin1 AUTO_INCREMENT=36 ;

--
-- Dumping data for table `user`
--

INSERT INTO `user` (`user_id`, `first_name`, `last_name`, `email`, `username`, `password`, `user_type`, `pwd_uniq_id`, `active_pwd`, `created_time`, `active_status`) VALUES
(1, 'sahan', 'elvitigala', 'sahan@gmail.com', 'sahan', '123', 'sys_admin', '', 0, '2016-02-13 08:05:24', 1),
(29, 'Lakshan', 'Hemantha', 'lakshan@modernie.com', 'Lakshan', '123', 'manager', '', 0, '2016-03-24 03:21:26', 1),
(30, 'Samitha', 'Undugoda', 'samitha@modernnie.com', 'samitha', '', 'division_head', '', 0, '2016-03-24 03:22:46', 1),
(31, 'Dushan', 'Maduranga', 'dushan@modernie.com', 'dushan', '', 'division_head', '', 0, '2016-03-24 03:23:16', 1),
(32, 'Best', 'Manager', 'bmanager@btc.com', 'bmanager', '', 'manager', '', 0, '2016-04-08 02:32:06', 1),
(33, 'best', 'Div_head', 'bdivhead@btc.om', 'bdivhead', '', 'division_head', '', 0, '2016-04-08 02:33:10', 1),
(34, 'Manufacturing', 'Manager', 'manufacturing@mail.com', 'Manufacturing Manager', '', 'user', '', 0, '2016-04-29 04:43:38', 1),
(35, 'Manufacturing', 'Div_head', 'manufacturing_div@mail.com', 'Manufacturing_Division_head', '', 'division_head', '', 0, '2016-04-29 04:51:21', 1);

/*!40101 SET CHARACTER_SET_CLIENT=@OLD_CHARACTER_SET_CLIENT */;
/*!40101 SET CHARACTER_SET_RESULTS=@OLD_CHARACTER_SET_RESULTS */;
/*!40101 SET COLLATION_CONNECTION=@OLD_COLLATION_CONNECTION */;
