-- phpMyAdmin SQL Dump
-- version 4.5.2
-- http://www.phpmyadmin.net
--
-- Host: 127.0.0.1
-- Generation Time: Sep 06, 2016 at 07:39 PM
-- Server version: 5.7.9
-- PHP Version: 5.6.16

SET SQL_MODE = "NO_AUTO_VALUE_ON_ZERO";
SET time_zone = "+00:00";


/*!40101 SET @OLD_CHARACTER_SET_CLIENT=@@CHARACTER_SET_CLIENT */;
/*!40101 SET @OLD_CHARACTER_SET_RESULTS=@@CHARACTER_SET_RESULTS */;
/*!40101 SET @OLD_COLLATION_CONNECTION=@@COLLATION_CONNECTION */;
/*!40101 SET NAMES utf8mb4 */;

--
-- Database: `modernie_sentrokpi_test`
--

-- --------------------------------------------------------

--
-- Table structure for table `division`
--

DROP TABLE IF EXISTS `division`;
CREATE TABLE IF NOT EXISTS `division` (
  `division_id` int(50) NOT NULL AUTO_INCREMENT,
  `division_name` varchar(255) NOT NULL,
  `organization_id` int(50) NOT NULL,
  `created_time` timestamp NOT NULL DEFAULT CURRENT_TIMESTAMP,
  `active_status` tinyint(4) NOT NULL DEFAULT '1',
  PRIMARY KEY (`division_id`)
) ENGINE=InnoDB AUTO_INCREMENT=8 DEFAULT CHARSET=latin1;

--
-- Dumping data for table `division`
--

INSERT INTO `division` (`division_id`, `division_name`, `organization_id`, `created_time`, `active_status`) VALUES
(1, 'Sales', 1, '2016-03-23 21:51:45', 1),
(2, 'Production', 1, '2016-03-23 21:51:58', 1),
(3, 'Administration', 1, '2016-03-25 04:26:45', 1),
(4, 'Sales', 2, '2016-04-07 21:00:52', 1),
(5, 'Sales', 2, '2016-04-07 21:01:09', 0),
(6, 'manufacturing', 3, '2016-04-28 23:15:56', 1),
(7, 'sales', 1, '2016-06-11 16:56:21', 1);

-- --------------------------------------------------------

--
-- Table structure for table `divisional_head`
--

DROP TABLE IF EXISTS `divisional_head`;
CREATE TABLE IF NOT EXISTS `divisional_head` (
  `division_head_id` int(50) NOT NULL AUTO_INCREMENT,
  `user_id` int(50) NOT NULL,
  `division_id` int(50) NOT NULL,
  `created_time` timestamp NOT NULL DEFAULT CURRENT_TIMESTAMP,
  `active_status` tinyint(4) NOT NULL DEFAULT '1',
  PRIMARY KEY (`division_head_id`)
) ENGINE=InnoDB AUTO_INCREMENT=6 DEFAULT CHARSET=latin1;

--
-- Dumping data for table `divisional_head`
--

INSERT INTO `divisional_head` (`division_head_id`, `user_id`, `division_id`, `created_time`, `active_status`) VALUES
(1, 30, 1, '2016-03-23 21:52:46', 1),
(2, 31, 2, '2016-03-23 21:53:16', 1),
(3, 33, 4, '2016-04-07 21:03:10', 1),
(4, 35, 6, '2016-04-28 23:21:21', 1),
(5, 1, 7, '2016-06-11 16:57:25', 1);

-- --------------------------------------------------------

--
-- Table structure for table `employee`
--

DROP TABLE IF EXISTS `employee`;
CREATE TABLE IF NOT EXISTS `employee` (
  `employee_id` int(50) NOT NULL AUTO_INCREMENT,
  `employee_name` text NOT NULL,
  `division_id` int(50) NOT NULL,
  `created_time` timestamp NOT NULL DEFAULT CURRENT_TIMESTAMP,
  `active_status` tinyint(4) NOT NULL DEFAULT '1',
  PRIMARY KEY (`employee_id`)
) ENGINE=InnoDB AUTO_INCREMENT=8 DEFAULT CHARSET=latin1;

--
-- Dumping data for table `employee`
--

INSERT INTO `employee` (`employee_id`, `employee_name`, `division_id`, `created_time`, `active_status`) VALUES
(1, 'Amal', 1, '2016-03-23 21:53:37', 1),
(2, 'Bimal', 1, '2016-03-23 21:53:51', 1),
(3, 'Chamara', 1, '2016-03-23 21:54:04', 1),
(4, 'Dasun', 2, '2016-03-23 21:54:32', 1),
(5, 'Eranda', 2, '2016-03-23 21:54:44', 1),
(6, 'Eranda', 2, '2016-03-23 21:55:09', 0),
(7, 'Farhan', 2, '2016-03-23 21:56:21', 1);

-- --------------------------------------------------------

--
-- Table structure for table `kpi`
--

DROP TABLE IF EXISTS `kpi`;
CREATE TABLE IF NOT EXISTS `kpi` (
  `kpi_id` int(50) NOT NULL AUTO_INCREMENT,
  `organization_id` int(50) NOT NULL,
  `kpi_name` varchar(255) NOT NULL,
  `description` text,
  `repeat_duration` text NOT NULL,
  `start_month` int(2) NOT NULL,
  `status_determination` text NOT NULL,
  `operation_status` int(2) NOT NULL,
  `value_status` varchar(255) DEFAULT NULL,
  `value1` float DEFAULT NULL,
  `value2` float DEFAULT NULL,
  `value_status1` varchar(255) DEFAULT NULL,
  `value_status2` varchar(255) DEFAULT NULL,
  `value_status3` varchar(255) DEFAULT NULL,
  `created_tme` timestamp NOT NULL DEFAULT CURRENT_TIMESTAMP,
  `active_status` int(11) NOT NULL DEFAULT '1',
  PRIMARY KEY (`kpi_id`)
) ENGINE=InnoDB AUTO_INCREMENT=31 DEFAULT CHARSET=latin1;

--
-- Dumping data for table `kpi`
--

INSERT INTO `kpi` (`kpi_id`, `organization_id`, `kpi_name`, `description`, `repeat_duration`, `start_month`, `status_determination`, `operation_status`, `value_status`, `value1`, `value2`, `value_status1`, `value_status2`, `value_status3`, `created_tme`, `active_status`) VALUES
(1, 1, 'Monthly Sales', '', '3', 0, 'by_value', 1, '', 1, 0, '', '', '', '2016-03-23 21:57:35', 1),
(2, 1, 'working hours', '', '1', 0, 'by_value', 1, '', 1, 0, '', '', '', '2016-03-23 21:58:22', 1),
(3, 1, 'Customer complains', '', '3', 0, 'by_value', 2, '', 1, 0, '', '', '', '2016-03-23 21:59:30', 1),
(4, 1, 'Production Wastage', '', '3', 0, 'by_range', 2, '', 0.95, 1.05, '', '', '', '2016-03-23 22:00:23', 1),
(5, 1, 'Creditors Settlement Period', '', '3', 0, 'by_range', 1, '', 0.9, 1.1, '', '', '', '2016-03-23 22:01:17', 1),
(6, 2, 'Sales Revenue', '', '3', 0, 'by_range', 1, '', 0.9, 1, '', '', '', '2016-04-07 21:04:55', 1),
(7, 2, 'Gross Profit Margin %', '', '3', 0, 'by_range', 1, '', 0.9, 1, '', '', '', '2016-04-07 21:08:46', 1),
(8, 2, 'Product Return %', '', '3', 0, 'by_range', 2, '', 0.9, 1, '', '', '', '2016-04-07 21:12:08', 1),
(9, 2, 'Value of Product Warranty Claims', '', '3', 0, 'by_range', 2, '', 0.9, 1, '', '', '', '2016-04-07 21:34:53', 1),
(10, 2, 'Sales Revenue per Sales Representative', '', '3', 0, 'by_range', 1, '', 0.9, 1, '', '', '', '2016-04-07 21:37:39', 1),
(11, 2, 'Gross Profit per Sales Representative', '', '3', 0, 'by_range', 1, '', 0.9, 1, '', '', '', '2016-04-07 21:43:48', 1),
(12, 2, 'Sales Staff Costs to Sales Revenue', '', '3', 0, 'by_range', 2, '', 0.9, 1, '', '', '', '2016-04-07 21:47:27', 1),
(13, 2, 'Discount % to Sales Revenue', '', '3', 0, 'by_range', 2, '', 0.9, 1, '', '', '', '2016-04-07 21:49:57', 1),
(14, 2, 'Transportation Costs to Sales Revenue', '', '3', 0, 'by_range', 2, '', 0.9, 1, '', '', '', '2016-04-07 21:50:45', 1),
(15, 2, 'Administration Costs to Sales Revenue', '', '3', 0, 'by_range', 2, '', 0.9, 1, '', '', '', '2016-04-07 21:51:26', 1),
(16, 2, 'Marketing Costs to Sales Revenue', '', '3', 0, 'by_range', 2, '', 0.9, 1, '', '', '', '2016-04-07 21:55:02', 1),
(17, 2, 'Debtors Collection Period', '', '3', 0, 'by_range', 2, '', 1, 1.1, '', '', '', '2016-04-07 21:56:21', 1),
(18, 2, 'Provision for Bad Debts to Sales Revenue', '', '3', 0, 'by_range', 2, '', 0.9, 1, '', '', '', '2016-04-07 21:57:26', 1),
(19, 2, 'Stock Holding Period', '', '3', 0, 'by_range', 2, '', 0.9, 1, '', '', '', '2016-04-07 21:59:06', 1),
(20, 2, 'Creditors Settlement Period', '', '3', 0, 'by_range', 1, '', 1, 1.1, '', '', '', '2016-04-07 21:59:35', 1),
(21, 2, 'Bank Interest Cost to Sales Revenue', '', '3', 0, 'by_range', 2, '', 0.9, 1, '', '', '', '2016-04-07 22:00:16', 1),
(22, 2, 'Net Profit', '', '3', 0, 'by_range', 1, '', 0.9, 1, '', '', '', '2016-04-07 22:01:24', 1),
(23, 2, 'Net Profit Margin', '', '3', 0, 'by_range', 1, '', 0.9, 1, '', '', '', '2016-04-07 22:01:51', 1),
(24, 1, 'daily kpi', NULL, '1', 0, 'by_value', 1, NULL, 1, 0, NULL, NULL, NULL, '2016-06-17 05:53:51', 1),
(25, 1, 'weekly kpi', NULL, '2', 0, 'by_value', 1, NULL, 1, 0, NULL, NULL, NULL, '2016-06-17 05:54:52', 1),
(26, 1, 'monthly kpi', NULL, '3', 0, 'by_value', 1, NULL, 1, 0, NULL, NULL, NULL, '2016-06-17 05:55:35', 1),
(27, 1, 'quaterly kpi', NULL, '4', 0, 'by_value', 1, NULL, 1, 0, NULL, NULL, NULL, '2016-06-17 05:56:00', 1),
(28, 1, 'annually kpi', NULL, '5', 0, 'by_value', 1, NULL, 1, 0, NULL, NULL, NULL, '2016-06-17 05:56:30', 1),
(29, 1, 'sa123', NULL, '3', 1, 'by_value', 1, NULL, 1, 0, NULL, NULL, NULL, '2016-07-20 18:19:12', 1),
(30, 1, 'sa234', NULL, '3', 4, 'by_range', 1, NULL, 0.75, 1, NULL, NULL, NULL, '2016-07-20 18:28:06', 1);

-- --------------------------------------------------------

--
-- Table structure for table `kpi_association`
--

DROP TABLE IF EXISTS `kpi_association`;
CREATE TABLE IF NOT EXISTS `kpi_association` (
  `target_value` float NOT NULL,
  `actual_value` float NOT NULL DEFAULT '0',
  `sum_or_avg_target_value` float NOT NULL DEFAULT '0',
  `accumulated_actual_value` float NOT NULL DEFAULT '0',
  `association_level` int(11) NOT NULL DEFAULT '0',
  `association_id` int(50) NOT NULL AUTO_INCREMENT,
  `kpi_id` int(50) NOT NULL DEFAULT '0',
  `organization_id` int(50) NOT NULL DEFAULT '0',
  `division_id` int(50) NOT NULL DEFAULT '0',
  `employee_id` int(50) NOT NULL DEFAULT '0',
  `repeat_instance` varchar(255) NOT NULL DEFAULT '0',
  `created_time` timestamp NOT NULL DEFAULT CURRENT_TIMESTAMP,
  `active_status` tinyint(4) NOT NULL DEFAULT '1',
  PRIMARY KEY (`association_id`)
) ENGINE=InnoDB AUTO_INCREMENT=59 DEFAULT CHARSET=latin1;

--
-- Dumping data for table `kpi_association`
--

INSERT INTO `kpi_association` (`target_value`, `actual_value`, `sum_or_avg_target_value`, `accumulated_actual_value`, `association_level`, `association_id`, `kpi_id`, `organization_id`, `division_id`, `employee_id`, `repeat_instance`, `created_time`, `active_status`) VALUES
(150000, 123456, 750000, 160000, 0, 1, 1, 1, 1, 0, '', '2016-03-23 22:02:01', 1),
(54, 0, 2106, 153, 0, 2, 2, 1, 1, 0, '', '2016-03-23 22:02:32', 1),
(12, 0, 60, 10, 0, 3, 3, 1, 1, 0, '', '2016-03-23 22:02:55', 1),
(45, 0, 225, 45, 0, 4, 4, 1, 2, 0, '', '2016-03-23 22:04:04', 1),
(60, 0, 300, 60, 0, 5, 5, 1, 2, 0, '', '2016-03-23 22:04:23', 1),
(27, 0, 1053, 65, 0, 6, 2, 1, 2, 0, '', '2016-03-23 22:04:45', 1),
(9, 0, 9, 8, 0, 9, 2, 1, 1, 1, '', '2016-03-23 22:30:52', 0),
(4, 0, 20, 4, 0, 10, 3, 1, 1, 1, '', '2016-03-23 22:41:38', 1),
(50000, 0, 250000, 45000, 0, 11, 1, 1, 1, 2, '', '2016-03-23 22:42:19', 1),
(9, 0, 351, 20, 0, 12, 2, 1, 1, 2, '', '2016-03-23 22:42:45', 1),
(4, 0, 20, 5, 0, 13, 3, 1, 1, 2, '', '2016-03-23 22:43:09', 1),
(50000, 0, 250000, 45000, 0, 14, 1, 1, 1, 3, '', '2016-03-23 22:43:59', 1),
(9, 0, 351, 17, 0, 15, 2, 1, 1, 3, '', '2016-03-23 22:44:17', 1),
(4, 0, 20, 3, 0, 16, 3, 1, 1, 3, '', '2016-03-23 22:44:39', 1),
(9, 0, 351, 15, 0, 17, 2, 1, 2, 4, '', '2016-03-24 22:45:03', 1),
(9, 0, 351, 17, 0, 18, 2, 1, 2, 5, '', '2016-03-23 22:45:14', 1),
(9, 0, 351, 17, 0, 19, 2, 1, 2, 7, '', '2016-03-23 22:45:27', 1),
(10, 0, 50, 9, 0, 20, 4, 1, 2, 4, '', '2016-03-23 22:45:43', 1),
(10, 0, 50, 12, 0, 21, 4, 1, 2, 5, '', '2016-03-23 22:45:56', 1),
(25, 0, 125, 27, 0, 22, 4, 1, 2, 7, '', '2016-03-23 22:46:12', 1),
(20, 0, 100, 18, 0, 23, 5, 1, 2, 4, '', '2016-03-23 22:46:42', 1),
(20, 0, 100, 20, 0, 24, 5, 1, 2, 5, '', '2016-03-25 22:47:07', 1),
(20, 0, 100, 16, 0, 25, 5, 1, 2, 7, '', '2016-03-23 22:47:23', 1),
(50000, 0, 0, 0, 0, 26, 1, 1, 1, 1, '', '2016-03-27 01:07:34', 0),
(9, 0, 342, 8, 0, 27, 2, 1, 1, 1, '', '2016-03-24 01:07:45', 1),
(50000, 0, 0, 0, 0, 28, 1, 1, 1, 1, '', '2016-03-24 01:08:21', 0),
(50000, 0, 250000, 55000, 0, 29, 1, 1, 1, 1, '', '2016-03-24 01:12:31', 1),
(25000000, 0, 100000000, 105000000, 0, 30, 6, 2, 4, 0, '', '2016-04-07 21:05:30', 1),
(25, 0, 100, 91, 0, 31, 7, 2, 4, 0, '', '2016-04-07 21:13:42', 1),
(2, 0, 8, 9.4, 0, 32, 8, 2, 4, 0, '', '2016-04-07 21:14:13', 1),
(500000, 0, 2000000, 2200000, 0, 33, 9, 2, 4, 0, '', '2016-04-07 22:02:49', 1),
(1000000, 0, 4000000, 4750000, 0, 34, 10, 2, 4, 0, '', '2016-04-07 22:05:05', 1),
(250000, 0, 1000000, 880000, 0, 35, 11, 2, 4, 0, '', '2016-04-07 22:05:27', 1),
(2000000, 0, 8000000, 9300000, 0, 36, 12, 2, 4, 0, '', '2016-04-07 22:05:52', 1),
(5, 0, 20, 24, 0, 37, 13, 2, 4, 0, '', '2016-04-07 22:11:05', 1),
(5, 0, 20, 28, 0, 38, 14, 2, 4, 0, '', '2016-04-07 22:12:37', 1),
(10, 0, 40, 46, 0, 39, 15, 2, 4, 0, '', '2016-04-07 22:12:59', 1),
(10, 0, 40, 46, 0, 40, 16, 2, 4, 0, '', '2016-04-07 22:13:23', 1),
(60, 0, 240, 267, 0, 41, 17, 2, 4, 0, '', '2016-04-07 22:13:53', 1),
(500000, 0, 2000000, 2610000, 0, 42, 18, 2, 4, 0, '', '2016-04-07 22:43:14', 1),
(60, 0, 240, 276, 0, 43, 19, 2, 4, 0, '', '2016-04-07 22:48:35', 1),
(45, 0, 180, 201, 0, 44, 20, 2, 4, 0, '', '2016-04-07 22:48:57', 1),
(2, 0, 8, 9.9, 0, 45, 21, 2, 4, 0, '', '2016-04-07 22:49:35', 1),
(2000000, 0, 8000000, 8050000, 0, 46, 22, 2, 4, 0, '', '2016-04-07 22:49:50', 1),
(7.5, 0, 30, 28.5, 0, 47, 23, 2, 4, 0, '', '2016-04-07 22:54:19', 1),
(1000, 0, 2000, 0, 0, 48, 24, 1, 1, 0, '0', '2016-06-17 06:43:27', 1),
(200, 0, 200, 0, 0, 49, 25, 1, 1, 0, '0', '2016-06-17 06:43:50', 1),
(100, 0, 100, 0, 0, 50, 26, 1, 1, 0, '0', '2016-06-17 06:44:06', 1),
(230, 0, 230, 0, 0, 51, 27, 1, 1, 0, '0', '2016-06-17 06:44:24', 1),
(300, 0, 300, 0, 0, 52, 28, 1, 1, 0, '0', '2016-06-17 06:44:46', 1),
(50, 0, 100, 8, 0, 53, 24, 1, 1, 1, '0', '2016-06-17 06:45:41', 1),
(10, 0, 10, 4, 0, 54, 25, 1, 1, 1, '0', '2016-06-17 06:45:56', 1),
(10, 0, 10, 6, 0, 55, 26, 1, 1, 3, '0', '2016-06-17 06:46:16', 1),
(10, 0, 10, 5, 0, 56, 26, 1, 1, 1, '0', '2016-06-17 06:46:54', 1),
(10, 0, 10, 9, 0, 57, 27, 1, 1, 1, '0', '2016-06-17 06:47:09', 1),
(10, 0, 10, 7, 0, 58, 28, 1, 1, 1, '0', '2016-06-17 06:47:30', 1);

-- --------------------------------------------------------

--
-- Table structure for table `manager`
--

DROP TABLE IF EXISTS `manager`;
CREATE TABLE IF NOT EXISTS `manager` (
  `manager_id` int(50) NOT NULL AUTO_INCREMENT,
  `user_id` int(50) NOT NULL,
  `organization_id` int(50) NOT NULL,
  `created_time` timestamp NOT NULL DEFAULT CURRENT_TIMESTAMP,
  `active_status` tinyint(4) NOT NULL DEFAULT '1',
  PRIMARY KEY (`manager_id`)
) ENGINE=InnoDB AUTO_INCREMENT=11 DEFAULT CHARSET=latin1;

--
-- Dumping data for table `manager`
--

INSERT INTO `manager` (`manager_id`, `user_id`, `organization_id`, `created_time`, `active_status`) VALUES
(1, 29, 3, '2016-03-23 21:51:26', 1),
(2, 32, 2, '2016-04-07 21:02:06', 1),
(3, 34, 3, '2016-04-28 23:13:38', 1),
(4, 36, 1, '2016-05-04 14:09:28', 1),
(5, 37, 1, '2016-05-04 15:47:55', 1),
(6, 38, 3, '2016-05-04 22:03:03', 1),
(7, 40, 1, '2016-05-17 00:03:44', 0),
(8, 41, 1, '2016-05-17 00:12:39', 1),
(9, 42, 1, '2016-05-17 00:20:25', 1),
(10, 1, 1, '2016-06-11 09:08:27', 1);

-- --------------------------------------------------------

--
-- Table structure for table `organization`
--

DROP TABLE IF EXISTS `organization`;
CREATE TABLE IF NOT EXISTS `organization` (
  `organization_id` int(50) NOT NULL AUTO_INCREMENT,
  `organization_name` varchar(255) NOT NULL,
  `organization_uid` varchar(255) NOT NULL,
  `created_time` timestamp NOT NULL DEFAULT CURRENT_TIMESTAMP,
  `active_status` tinyint(4) NOT NULL DEFAULT '1',
  PRIMARY KEY (`organization_id`)
) ENGINE=InnoDB AUTO_INCREMENT=4 DEFAULT CHARSET=latin1;

--
-- Dumping data for table `organization`
--

INSERT INTO `organization` (`organization_id`, `organization_name`, `organization_uid`, `created_time`, `active_status`) VALUES
(1, 'modernie', 'modernie', '2016-03-23 21:50:20', 1),
(2, 'Best_Trading_Company', 'btc', '2016-04-07 21:00:29', 1),
(3, 'Best_Manufacturing_Company', 'bmc', '2016-04-28 23:11:48', 1);

-- --------------------------------------------------------

--
-- Table structure for table `records`
--

DROP TABLE IF EXISTS `records`;
CREATE TABLE IF NOT EXISTS `records` (
  `record_id` int(50) NOT NULL AUTO_INCREMENT,
  `association_id` int(50) NOT NULL,
  `target_value` float NOT NULL,
  `actual_value` float NOT NULL,
  `accumulated_target_value` float NOT NULL,
  `accumulated_actual_value` float NOT NULL,
  `created_time` timestamp NOT NULL DEFAULT CURRENT_TIMESTAMP ON UPDATE CURRENT_TIMESTAMP,
  PRIMARY KEY (`record_id`)
) ENGINE=InnoDB AUTO_INCREMENT=514 DEFAULT CHARSET=utf8;

--
-- Dumping data for table `records`
--

INSERT INTO `records` (`record_id`, `association_id`, `target_value`, `actual_value`, `accumulated_target_value`, `accumulated_actual_value`, `created_time`) VALUES
(1, 2, 54, 53, 54, 53, '2016-03-24 12:00:07'),
(2, 6, 27, 20, 27, 20, '2016-03-24 12:00:07'),
(3, 9, 9, 8, 9, 8, '2016-03-24 12:00:07'),
(4, 12, 9, 10, 9, 10, '2016-03-24 12:00:07'),
(5, 15, 9, 8, 9, 8, '2016-03-24 12:00:07'),
(6, 17, 9, 7, 9, 7, '2016-03-24 12:00:07'),
(7, 18, 9, 10, 9, 10, '2016-03-24 12:00:07'),
(8, 19, 9, 11, 9, 11, '2016-03-24 12:00:07'),
(9, 2, 54, 50, 108, 103, '2016-03-25 12:00:05'),
(10, 6, 27, 20, 54, 40, '2016-03-25 12:00:05'),
(11, 12, 9, 10, 18, 20, '2016-03-25 12:00:05'),
(12, 15, 9, 9, 18, 17, '2016-03-25 12:00:05'),
(13, 17, 9, 8, 18, 15, '2016-03-25 12:00:05'),
(14, 18, 9, 7, 18, 17, '2016-03-25 12:00:05'),
(15, 19, 9, 6, 18, 17, '2016-03-25 12:00:05'),
(16, 27, 9, 8, 9, 8, '2016-03-25 12:00:05'),
(17, 2, 54, 50, 162, 153, '2016-03-26 12:00:05'),
(18, 6, 27, 25, 81, 65, '2016-03-26 12:00:05'),
(19, 12, 9, 0, 27, 20, '2016-03-26 12:00:05'),
(20, 15, 9, 0, 27, 17, '2016-03-26 12:00:05'),
(21, 17, 9, 0, 27, 15, '2016-03-26 12:00:05'),
(22, 18, 9, 0, 27, 17, '2016-03-26 12:00:05'),
(23, 19, 9, 0, 27, 17, '2016-03-26 12:00:05'),
(24, 27, 9, 0, 18, 8, '2016-03-26 12:00:05'),
(25, 2, 54, 0, 216, 153, '2016-03-27 12:00:05'),
(26, 6, 27, 0, 108, 65, '2016-03-27 12:00:05'),
(27, 12, 9, 0, 36, 20, '2016-03-27 12:00:05'),
(28, 15, 9, 0, 36, 17, '2016-03-27 12:00:05'),
(29, 17, 9, 0, 36, 15, '2016-03-27 12:00:05'),
(30, 18, 9, 0, 36, 17, '2016-03-27 12:00:05'),
(31, 19, 9, 0, 36, 17, '2016-03-27 12:00:05'),
(32, 27, 9, 0, 27, 8, '2016-03-27 12:00:05'),
(33, 2, 54, 0, 270, 153, '2016-03-28 12:00:07'),
(34, 6, 27, 0, 135, 65, '2016-03-28 12:00:07'),
(35, 12, 9, 0, 45, 20, '2016-03-28 12:00:07'),
(36, 15, 9, 0, 45, 17, '2016-03-28 12:00:07'),
(37, 17, 9, 0, 45, 15, '2016-03-28 12:00:07'),
(38, 18, 9, 0, 45, 17, '2016-03-28 12:00:07'),
(39, 19, 9, 0, 45, 17, '2016-03-28 12:00:07'),
(40, 27, 9, 0, 36, 8, '2016-03-28 12:00:07'),
(41, 2, 54, 0, 324, 153, '2016-03-29 12:00:05'),
(42, 6, 27, 0, 162, 65, '2016-03-29 12:00:05'),
(43, 12, 9, 0, 54, 20, '2016-03-29 12:00:05'),
(44, 15, 9, 0, 54, 17, '2016-03-29 12:00:05'),
(45, 17, 9, 0, 54, 15, '2016-03-29 12:00:05'),
(46, 18, 9, 0, 54, 17, '2016-03-29 12:00:05'),
(47, 19, 9, 0, 54, 17, '2016-03-29 12:00:05'),
(48, 27, 9, 0, 45, 8, '2016-03-29 12:00:05'),
(49, 2, 54, 0, 378, 153, '2016-03-30 12:00:06'),
(50, 6, 27, 0, 189, 65, '2016-03-30 12:00:06'),
(51, 12, 9, 0, 63, 20, '2016-03-30 12:00:06'),
(52, 15, 9, 0, 63, 17, '2016-03-30 12:00:06'),
(53, 17, 9, 0, 63, 15, '2016-03-30 12:00:06'),
(54, 18, 9, 0, 63, 17, '2016-03-30 12:00:06'),
(55, 19, 9, 0, 63, 17, '2016-03-30 12:00:06'),
(56, 27, 9, 0, 54, 8, '2016-03-30 12:00:06'),
(57, 2, 54, 0, 432, 153, '2016-03-31 12:00:05'),
(58, 6, 27, 0, 216, 65, '2016-03-31 12:00:05'),
(59, 12, 9, 0, 72, 20, '2016-03-31 12:00:05'),
(60, 15, 9, 0, 72, 17, '2016-03-31 12:00:05'),
(61, 17, 9, 0, 72, 15, '2016-03-31 12:00:05'),
(62, 18, 9, 0, 72, 17, '2016-03-31 12:00:05'),
(63, 19, 9, 0, 72, 17, '2016-03-31 12:00:05'),
(64, 27, 9, 0, 63, 8, '2016-03-31 12:00:05'),
(65, 2, 54, 0, 486, 153, '2016-04-01 12:00:07'),
(66, 6, 27, 0, 243, 65, '2016-04-01 12:00:07'),
(67, 12, 9, 0, 81, 20, '2016-04-01 12:00:07'),
(68, 15, 9, 0, 81, 17, '2016-04-01 12:00:07'),
(69, 17, 9, 0, 81, 15, '2016-04-01 12:00:07'),
(70, 18, 9, 0, 81, 17, '2016-04-01 12:00:07'),
(71, 19, 9, 0, 81, 17, '2016-04-01 12:00:07'),
(72, 27, 9, 0, 72, 8, '2016-04-01 12:00:07'),
(73, 1, 150000, 160000, 150000, 160000, '2016-04-01 12:00:07'),
(74, 11, 50000, 45000, 50000, 45000, '2016-04-01 12:00:07'),
(75, 14, 50000, 45000, 50000, 45000, '2016-04-01 12:00:07'),
(76, 29, 50000, 55000, 50000, 55000, '2016-04-01 12:00:07'),
(77, 3, 12, 10, 12, 10, '2016-04-01 12:00:07'),
(78, 10, 4, 4, 4, 4, '2016-04-01 12:00:07'),
(79, 13, 4, 5, 4, 5, '2016-04-01 12:00:07'),
(80, 16, 4, 3, 4, 3, '2016-04-01 12:00:07'),
(81, 4, 45, 45, 45, 45, '2016-04-01 12:00:07'),
(82, 20, 10, 9, 10, 9, '2016-04-01 12:00:07'),
(83, 21, 10, 12, 10, 12, '2016-04-01 12:00:07'),
(84, 22, 25, 27, 25, 27, '2016-04-01 12:00:07'),
(85, 5, 60, 60, 60, 60, '2016-04-01 12:00:07'),
(86, 23, 20, 18, 20, 18, '2016-04-01 12:00:07'),
(87, 24, 20, 20, 20, 20, '2016-04-01 12:00:07'),
(88, 25, 20, 16, 20, 16, '2016-04-01 12:00:07'),
(89, 2, 54, 0, 540, 153, '2016-04-02 12:00:05'),
(90, 6, 27, 0, 270, 65, '2016-04-02 12:00:05'),
(91, 12, 9, 0, 90, 20, '2016-04-02 12:00:05'),
(92, 15, 9, 0, 90, 17, '2016-04-02 12:00:05'),
(93, 17, 9, 0, 90, 15, '2016-04-02 12:00:05'),
(94, 18, 9, 0, 90, 17, '2016-04-02 12:00:05'),
(95, 19, 9, 0, 90, 17, '2016-04-02 12:00:05'),
(96, 27, 9, 0, 81, 8, '2016-04-02 12:00:05'),
(97, 2, 54, 0, 594, 153, '2016-04-03 12:00:04'),
(98, 6, 27, 0, 297, 65, '2016-04-03 12:00:04'),
(99, 12, 9, 0, 99, 20, '2016-04-03 12:00:04'),
(100, 15, 9, 0, 99, 17, '2016-04-03 12:00:04'),
(101, 17, 9, 0, 99, 15, '2016-04-03 12:00:04'),
(102, 18, 9, 0, 99, 17, '2016-04-03 12:00:04'),
(103, 19, 9, 0, 99, 17, '2016-04-03 12:00:04'),
(104, 27, 9, 0, 90, 8, '2016-04-03 12:00:04'),
(105, 2, 54, 0, 648, 153, '2016-04-04 12:00:29'),
(106, 6, 27, 0, 324, 65, '2016-04-04 12:00:29'),
(107, 12, 9, 0, 108, 20, '2016-04-04 12:00:29'),
(108, 15, 9, 0, 108, 17, '2016-04-04 12:00:29'),
(109, 17, 9, 0, 108, 15, '2016-04-04 12:00:29'),
(110, 18, 9, 0, 108, 17, '2016-04-04 12:00:29'),
(111, 19, 9, 0, 108, 17, '2016-04-04 12:00:29'),
(112, 27, 9, 0, 99, 8, '2016-04-04 12:00:29'),
(113, 2, 54, 0, 702, 153, '2016-04-05 12:00:32'),
(114, 6, 27, 0, 351, 65, '2016-04-05 12:00:32'),
(115, 12, 9, 0, 117, 20, '2016-04-05 12:00:32'),
(116, 15, 9, 0, 117, 17, '2016-04-05 12:00:32'),
(117, 17, 9, 0, 117, 15, '2016-04-05 12:00:32'),
(118, 18, 9, 0, 117, 17, '2016-04-05 12:00:32'),
(119, 19, 9, 0, 117, 17, '2016-04-05 12:00:32'),
(120, 27, 9, 0, 108, 8, '2016-04-05 12:00:32'),
(121, 2, 54, 0, 756, 153, '2016-04-06 12:00:25'),
(122, 6, 27, 0, 378, 65, '2016-04-06 12:00:25'),
(123, 12, 9, 0, 126, 20, '2016-04-06 12:00:25'),
(124, 15, 9, 0, 126, 17, '2016-04-06 12:00:25'),
(125, 17, 9, 0, 126, 15, '2016-04-06 12:00:25'),
(126, 18, 9, 0, 126, 17, '2016-04-06 12:00:25'),
(127, 19, 9, 0, 126, 17, '2016-04-06 12:00:25'),
(128, 27, 9, 0, 117, 8, '2016-04-06 12:00:25'),
(129, 2, 54, 0, 810, 153, '2016-04-07 12:00:31'),
(130, 6, 27, 0, 405, 65, '2016-04-07 12:00:31'),
(131, 12, 9, 0, 135, 20, '2016-04-07 12:00:31'),
(132, 15, 9, 0, 135, 17, '2016-04-07 12:00:31'),
(133, 17, 9, 0, 135, 15, '2016-04-07 12:00:31'),
(134, 18, 9, 0, 135, 17, '2016-04-07 12:00:31'),
(135, 19, 9, 0, 135, 17, '2016-04-07 12:00:31'),
(136, 27, 9, 0, 126, 8, '2016-04-07 12:00:31'),
(137, 2, 54, 0, 864, 153, '2016-04-08 12:00:45'),
(138, 6, 27, 0, 432, 65, '2016-04-08 12:00:45'),
(139, 12, 9, 0, 144, 20, '2016-04-08 12:00:45'),
(140, 15, 9, 0, 144, 17, '2016-04-08 12:00:45'),
(141, 17, 9, 0, 144, 15, '2016-04-08 12:00:45'),
(142, 18, 9, 0, 144, 17, '2016-04-08 12:00:45'),
(143, 19, 9, 0, 144, 17, '2016-04-08 12:00:45'),
(144, 27, 9, 0, 135, 8, '2016-04-08 12:00:45'),
(145, 2, 54, 0, 918, 153, '2016-04-09 12:04:21'),
(146, 6, 27, 0, 459, 65, '2016-04-09 12:04:21'),
(147, 12, 9, 0, 153, 20, '2016-04-09 12:04:21'),
(148, 15, 9, 0, 153, 17, '2016-04-09 12:04:21'),
(149, 17, 9, 0, 153, 15, '2016-04-09 12:04:21'),
(150, 18, 9, 0, 153, 17, '2016-04-09 12:04:21'),
(151, 19, 9, 0, 153, 17, '2016-04-09 12:04:21'),
(152, 27, 9, 0, 144, 8, '2016-04-09 12:04:21'),
(153, 2, 54, 0, 972, 153, '2016-04-10 12:01:05'),
(154, 6, 27, 0, 486, 65, '2016-04-10 12:01:05'),
(155, 12, 9, 0, 162, 20, '2016-04-10 12:01:05'),
(156, 15, 9, 0, 162, 17, '2016-04-10 12:01:05'),
(157, 17, 9, 0, 162, 15, '2016-04-10 12:01:05'),
(158, 18, 9, 0, 162, 17, '2016-04-10 12:01:05'),
(159, 19, 9, 0, 162, 17, '2016-04-10 12:01:05'),
(160, 27, 9, 0, 153, 8, '2016-04-10 12:01:05'),
(161, 2, 54, 0, 1026, 153, '2016-04-11 12:00:41'),
(162, 6, 27, 0, 513, 65, '2016-04-11 12:00:41'),
(163, 12, 9, 0, 171, 20, '2016-04-11 12:00:41'),
(164, 15, 9, 0, 171, 17, '2016-04-11 12:00:41'),
(165, 17, 9, 0, 171, 15, '2016-04-11 12:00:41'),
(166, 18, 9, 0, 171, 17, '2016-04-11 12:00:41'),
(167, 19, 9, 0, 171, 17, '2016-04-11 12:00:41'),
(168, 27, 9, 0, 162, 8, '2016-04-11 12:00:41'),
(169, 2, 54, 0, 1080, 153, '2016-04-12 12:01:43'),
(170, 6, 27, 0, 540, 65, '2016-04-12 12:01:43'),
(171, 12, 9, 0, 180, 20, '2016-04-12 12:01:43'),
(172, 15, 9, 0, 180, 17, '2016-04-12 12:01:43'),
(173, 17, 9, 0, 180, 15, '2016-04-12 12:01:43'),
(174, 18, 9, 0, 180, 17, '2016-04-12 12:01:43'),
(175, 19, 9, 0, 180, 17, '2016-04-12 12:01:43'),
(176, 27, 9, 0, 171, 8, '2016-04-12 12:01:43'),
(177, 2, 54, 0, 1134, 153, '2016-04-13 12:01:18'),
(178, 6, 27, 0, 567, 65, '2016-04-13 12:01:18'),
(179, 12, 9, 0, 189, 20, '2016-04-13 12:01:18'),
(180, 15, 9, 0, 189, 17, '2016-04-13 12:01:18'),
(181, 17, 9, 0, 189, 15, '2016-04-13 12:01:18'),
(182, 18, 9, 0, 189, 17, '2016-04-13 12:01:18'),
(183, 19, 9, 0, 189, 17, '2016-04-13 12:01:18'),
(184, 27, 9, 0, 180, 8, '2016-04-13 12:01:18'),
(185, 2, 54, 0, 1188, 153, '2016-04-14 12:00:21'),
(186, 6, 27, 0, 594, 65, '2016-04-14 12:00:21'),
(187, 12, 9, 0, 198, 20, '2016-04-14 12:00:21'),
(188, 15, 9, 0, 198, 17, '2016-04-14 12:00:21'),
(189, 17, 9, 0, 198, 15, '2016-04-14 12:00:21'),
(190, 18, 9, 0, 198, 17, '2016-04-14 12:00:21'),
(191, 19, 9, 0, 198, 17, '2016-04-14 12:00:21'),
(192, 27, 9, 0, 189, 8, '2016-04-14 12:00:21'),
(193, 2, 54, 0, 1242, 153, '2016-04-15 12:00:21'),
(194, 6, 27, 0, 621, 65, '2016-04-15 12:00:21'),
(195, 12, 9, 0, 207, 20, '2016-04-15 12:00:21'),
(196, 15, 9, 0, 207, 17, '2016-04-15 12:00:21'),
(197, 17, 9, 0, 207, 15, '2016-04-15 12:00:21'),
(198, 18, 9, 0, 207, 17, '2016-04-15 12:00:21'),
(199, 19, 9, 0, 207, 17, '2016-04-15 12:00:21'),
(200, 27, 9, 0, 198, 8, '2016-04-15 12:00:21'),
(201, 2, 54, 0, 1296, 153, '2016-04-16 12:00:22'),
(202, 6, 27, 0, 648, 65, '2016-04-16 12:00:22'),
(203, 12, 9, 0, 216, 20, '2016-04-16 12:00:22'),
(204, 15, 9, 0, 216, 17, '2016-04-16 12:00:22'),
(205, 17, 9, 0, 216, 15, '2016-04-16 12:00:22'),
(206, 18, 9, 0, 216, 17, '2016-04-16 12:00:22'),
(207, 19, 9, 0, 216, 17, '2016-04-16 12:00:22'),
(208, 27, 9, 0, 207, 8, '2016-04-16 12:00:22'),
(209, 1, 150000, 0, 300000, 160000, '2016-04-16 23:19:30'),
(210, 3, 12, 0, 24, 10, '2016-04-16 23:19:30'),
(211, 4, 45, 0, 90, 45, '2016-04-16 23:19:30'),
(212, 5, 60, 0, 120, 60, '2016-04-16 23:19:30'),
(213, 10, 4, 0, 8, 4, '2016-04-16 23:19:30'),
(214, 11, 50000, 0, 100000, 45000, '2016-04-16 23:19:30'),
(215, 13, 4, 0, 8, 5, '2016-04-16 23:19:30'),
(216, 14, 50000, 0, 100000, 45000, '2016-04-16 23:19:30'),
(217, 16, 4, 0, 8, 3, '2016-04-16 23:19:30'),
(218, 20, 10, 0, 20, 9, '2016-04-16 23:19:30'),
(219, 21, 10, 0, 20, 12, '2016-04-16 23:19:30'),
(220, 22, 25, 0, 50, 27, '2016-04-16 23:19:30'),
(221, 23, 20, 0, 40, 18, '2016-04-16 23:19:30'),
(222, 24, 20, 0, 40, 20, '2016-04-16 23:19:30'),
(223, 25, 20, 0, 40, 16, '2016-04-16 23:19:30'),
(224, 29, 50000, 0, 100000, 55000, '2016-04-16 23:19:30'),
(225, 30, 25000000, 26000000, 25000000, 26000000, '2016-04-16 23:19:30'),
(226, 31, 25, 19, 25, 19, '2016-04-16 23:19:30'),
(227, 32, 2, 2.5, 2, 2.5, '2016-04-16 23:19:30'),
(228, 33, 500000, 550000, 500000, 550000, '2016-04-16 23:19:30'),
(229, 34, 1000000, 875000, 1000000, 875000, '2016-04-16 23:19:30'),
(230, 35, 250000, 190000, 250000, 190000, '2016-04-16 23:19:30'),
(231, 36, 2000000, 2200000, 2000000, 2200000, '2016-04-16 23:19:30'),
(232, 37, 5, 6, 5, 6, '2016-04-16 23:19:30'),
(233, 38, 5, 7, 5, 7, '2016-04-16 23:19:30'),
(234, 39, 10, 12, 10, 12, '2016-04-16 23:19:30'),
(235, 40, 10, 11, 10, 11, '2016-04-16 23:19:30'),
(236, 41, 60, 65, 60, 65, '2016-04-16 23:19:30'),
(237, 42, 500000, 800000, 500000, 800000, '2016-04-16 23:19:30'),
(238, 43, 60, 75, 60, 75, '2016-04-16 23:19:30'),
(239, 44, 45, 55, 45, 55, '2016-04-16 23:19:30'),
(240, 45, 2, 2.5, 2, 2.5, '2016-04-16 23:19:30'),
(241, 46, 2000000, 1450000, 2000000, 1450000, '2016-04-16 23:19:30'),
(242, 47, 7.5, 5, 7.5, 5, '2016-04-16 23:19:30'),
(243, 1, 150000, 0, 450000, 160000, '2016-04-16 23:25:47'),
(244, 3, 12, 0, 36, 10, '2016-04-16 23:25:47'),
(245, 4, 45, 0, 135, 45, '2016-04-16 23:25:47'),
(246, 5, 60, 0, 180, 60, '2016-04-16 23:25:47'),
(247, 10, 4, 0, 12, 4, '2016-04-16 23:25:47'),
(248, 11, 50000, 0, 150000, 45000, '2016-04-16 23:25:47'),
(249, 13, 4, 0, 12, 5, '2016-04-16 23:25:47'),
(250, 14, 50000, 0, 150000, 45000, '2016-04-16 23:25:47'),
(251, 16, 4, 0, 12, 3, '2016-04-16 23:25:47'),
(252, 20, 10, 0, 30, 9, '2016-04-16 23:25:47'),
(253, 21, 10, 0, 30, 12, '2016-04-16 23:25:47'),
(254, 22, 25, 0, 75, 27, '2016-04-16 23:25:47'),
(255, 23, 20, 0, 60, 18, '2016-04-16 23:25:47'),
(256, 24, 20, 0, 60, 20, '2016-04-16 23:25:47'),
(257, 25, 20, 0, 60, 16, '2016-04-16 23:25:47'),
(258, 29, 50000, 0, 150000, 55000, '2016-04-16 23:25:47'),
(259, 30, 25000000, 26000000, 50000000, 52000000, '2015-04-16 23:25:47'),
(260, 31, 25, 20, 50, 39, '2016-04-16 23:25:47'),
(261, 32, 2, 2.4, 4, 4.9, '2016-04-16 23:25:47'),
(262, 33, 500000, 550000, 1000000, 1100000, '2016-04-16 23:25:47'),
(263, 34, 1000000, 875000, 2000000, 1750000, '2016-04-16 23:25:47'),
(264, 35, 250000, 190000, 500000, 380000, '2016-04-16 23:25:47'),
(265, 36, 2000000, 2200000, 4000000, 4400000, '2016-04-16 23:25:47'),
(266, 37, 5, 6, 10, 12, '2016-04-16 23:25:47'),
(267, 38, 5, 7, 10, 14, '2016-04-16 23:25:47'),
(268, 39, 10, 12, 20, 24, '2016-04-16 23:25:47'),
(269, 40, 10, 11, 20, 22, '2016-04-16 23:25:47'),
(270, 41, 60, 64, 120, 129, '2016-04-16 23:25:47'),
(271, 42, 500000, 700000, 1000000, 1500000, '2016-04-16 23:25:47'),
(272, 43, 60, 70, 120, 145, '2016-04-16 23:25:47'),
(273, 44, 45, 50, 90, 105, '2016-04-16 23:25:47'),
(274, 45, 2, 2.5, 4, 4.9, '2016-04-16 12:04:41'),
(275, 46, 2000000, 1550000, 4000000, 3000000, '2016-04-16 23:25:47'),
(276, 47, 7.5, 6, 15, 11, '2016-04-16 23:25:47'),
(277, 1, 150000, 0, 600000, 160000, '2016-04-16 23:28:41'),
(278, 3, 12, 0, 48, 10, '2016-04-16 23:28:41'),
(279, 4, 45, 0, 180, 45, '2016-04-16 23:28:41'),
(280, 5, 60, 0, 240, 60, '2016-04-16 23:28:41'),
(281, 10, 4, 0, 16, 4, '2016-04-16 23:28:41'),
(282, 11, 50000, 0, 200000, 45000, '2016-04-16 23:28:41'),
(283, 13, 4, 0, 16, 5, '2016-04-16 23:28:41'),
(284, 14, 50000, 0, 200000, 45000, '2016-04-16 23:28:41'),
(285, 16, 4, 0, 16, 3, '2016-04-16 23:28:41'),
(286, 20, 10, 0, 40, 9, '2016-04-16 23:28:41'),
(287, 21, 10, 0, 40, 12, '2016-04-16 23:28:41'),
(288, 22, 25, 0, 100, 27, '2016-04-16 23:28:41'),
(289, 23, 20, 0, 80, 18, '2016-04-16 23:28:41'),
(290, 24, 20, 0, 80, 20, '2016-04-16 23:28:41'),
(291, 25, 20, 0, 80, 16, '2016-04-16 23:28:41'),
(292, 29, 50000, 0, 200000, 55000, '2016-04-16 23:28:41'),
(293, 30, 25000000, 26000000, 75000000, 78000000, '2016-04-16 23:28:41'),
(294, 31, 25, 25, 75, 64, '2016-04-16 23:28:41'),
(295, 32, 2, 2, 6, 6.9, '2016-04-16 23:28:41'),
(296, 33, 500000, 550000, 1500000, 1650000, '2016-04-16 23:28:41'),
(297, 34, 1000000, 1500000, 3000000, 3250000, '2016-04-16 23:28:41'),
(298, 35, 250000, 240000, 750000, 620000, '2016-04-16 23:28:41'),
(299, 36, 2000000, 2300000, 6000000, 6700000, '2016-04-16 23:28:41'),
(300, 37, 5, 6, 15, 18, '2016-04-16 23:28:41'),
(301, 38, 5, 7, 15, 21, '2016-04-16 23:28:41'),
(302, 39, 10, 11, 30, 35, '2016-04-16 23:28:41'),
(303, 40, 10, 12, 30, 34, '2016-04-16 23:28:41'),
(304, 41, 60, 70, 180, 199, '2016-04-16 23:28:41'),
(305, 42, 500000, 530000, 1500000, 2030000, '2016-04-16 23:28:41'),
(306, 43, 60, 65, 180, 210, '2016-04-16 23:28:41'),
(307, 44, 45, 50, 135, 155, '2016-04-16 23:28:41'),
(308, 45, 2, 2.5, 6, 7.4, '2016-04-16 23:28:41'),
(309, 46, 2000000, 2200000, 6000000, 5200000, '2016-04-16 23:28:41'),
(310, 47, 7.5, 8, 22.5, 19, '2016-04-16 23:28:41'),
(311, 2, 54, 0, 1350, 153, '2016-04-17 12:00:28'),
(312, 6, 27, 0, 675, 65, '2016-04-17 12:00:28'),
(313, 12, 9, 0, 225, 20, '2016-04-17 12:00:28'),
(314, 15, 9, 0, 225, 17, '2016-04-17 12:00:28'),
(315, 17, 9, 0, 225, 15, '2016-04-17 12:00:28'),
(316, 18, 9, 0, 225, 17, '2016-04-17 12:00:28'),
(317, 19, 9, 0, 225, 17, '2016-04-17 12:00:28'),
(318, 27, 9, 0, 216, 8, '2016-04-17 12:00:28'),
(319, 2, 54, 0, 1404, 153, '2016-04-18 12:00:23'),
(320, 6, 27, 0, 702, 65, '2016-04-18 12:00:23'),
(321, 12, 9, 0, 234, 20, '2016-04-18 12:00:23'),
(322, 15, 9, 0, 234, 17, '2016-04-18 12:00:23'),
(323, 17, 9, 0, 234, 15, '2016-04-18 12:00:23'),
(324, 18, 9, 0, 234, 17, '2016-04-18 12:00:23'),
(325, 19, 9, 0, 234, 17, '2016-04-18 12:00:23'),
(326, 27, 9, 0, 225, 8, '2016-04-18 12:00:23'),
(327, 2, 54, 0, 1458, 153, '2016-04-19 12:00:24'),
(328, 6, 27, 0, 729, 65, '2016-04-19 12:00:24'),
(329, 12, 9, 0, 243, 20, '2016-04-19 12:00:24'),
(330, 15, 9, 0, 243, 17, '2016-04-19 12:00:24'),
(331, 17, 9, 0, 243, 15, '2016-04-19 12:00:24'),
(332, 18, 9, 0, 243, 17, '2016-04-19 12:00:24'),
(333, 19, 9, 0, 243, 17, '2016-04-19 12:00:24'),
(334, 27, 9, 0, 234, 8, '2016-04-19 12:00:24'),
(335, 2, 54, 0, 1512, 153, '2016-04-20 12:01:35'),
(336, 6, 27, 0, 756, 65, '2016-04-20 12:01:35'),
(337, 12, 9, 0, 252, 20, '2016-04-20 12:01:35'),
(338, 15, 9, 0, 252, 17, '2016-04-20 12:01:35'),
(339, 17, 9, 0, 252, 15, '2016-04-20 12:01:35'),
(340, 18, 9, 0, 252, 17, '2016-04-20 12:01:35'),
(341, 19, 9, 0, 252, 17, '2016-04-20 12:01:35'),
(342, 27, 9, 0, 243, 8, '2016-04-20 12:01:35'),
(343, 2, 54, 0, 1566, 153, '2016-04-21 12:00:23'),
(344, 6, 27, 0, 783, 65, '2016-04-21 12:00:23'),
(345, 12, 9, 0, 261, 20, '2016-04-21 12:00:23'),
(346, 15, 9, 0, 261, 17, '2016-04-21 12:00:23'),
(347, 17, 9, 0, 261, 15, '2016-04-21 12:00:23'),
(348, 18, 9, 0, 261, 17, '2016-04-21 12:00:23'),
(349, 19, 9, 0, 261, 17, '2016-04-21 12:00:23'),
(350, 27, 9, 0, 252, 8, '2016-04-21 12:00:23'),
(351, 2, 54, 0, 1620, 153, '2016-04-22 12:00:46'),
(352, 6, 27, 0, 810, 65, '2016-04-22 12:00:46'),
(353, 12, 9, 0, 270, 20, '2016-04-22 12:00:46'),
(354, 15, 9, 0, 270, 17, '2016-04-22 12:00:46'),
(355, 17, 9, 0, 270, 15, '2016-04-22 12:00:46'),
(356, 18, 9, 0, 270, 17, '2016-04-22 12:00:46'),
(357, 19, 9, 0, 270, 17, '2016-04-22 12:00:46'),
(358, 27, 9, 0, 261, 8, '2016-04-22 12:00:46'),
(359, 2, 54, 0, 1674, 153, '2016-04-23 12:00:26'),
(360, 6, 27, 0, 837, 65, '2016-04-23 12:00:26'),
(361, 12, 9, 0, 279, 20, '2016-04-23 12:00:26'),
(362, 15, 9, 0, 279, 17, '2016-04-23 12:00:26'),
(363, 17, 9, 0, 279, 15, '2016-04-23 12:00:26'),
(364, 18, 9, 0, 279, 17, '2016-04-23 12:00:26'),
(365, 19, 9, 0, 279, 17, '2016-04-23 12:00:26'),
(366, 27, 9, 0, 270, 8, '2016-04-23 12:00:26'),
(367, 2, 54, 0, 1728, 153, '2016-04-24 12:00:23'),
(368, 6, 27, 0, 864, 65, '2016-04-24 12:00:23'),
(369, 12, 9, 0, 288, 20, '2016-04-24 12:00:23'),
(370, 15, 9, 0, 288, 17, '2016-04-24 12:00:23'),
(371, 17, 9, 0, 288, 15, '2016-04-24 12:00:23'),
(372, 18, 9, 0, 288, 17, '2016-04-24 12:00:23'),
(373, 19, 9, 0, 288, 17, '2016-04-24 12:00:23'),
(374, 27, 9, 0, 279, 8, '2016-04-24 12:00:23'),
(375, 2, 54, 0, 1782, 153, '2016-04-25 12:00:25'),
(376, 6, 27, 0, 891, 65, '2016-04-25 12:00:25'),
(377, 12, 9, 0, 297, 20, '2016-04-25 12:00:25'),
(378, 15, 9, 0, 297, 17, '2016-04-25 12:00:25'),
(379, 17, 9, 0, 297, 15, '2016-04-25 12:00:25'),
(380, 18, 9, 0, 297, 17, '2016-04-25 12:00:25'),
(381, 19, 9, 0, 297, 17, '2016-04-25 12:00:25'),
(382, 27, 9, 0, 288, 8, '2016-04-25 12:00:25'),
(383, 2, 54, 0, 1836, 153, '2016-04-26 12:00:25'),
(384, 6, 27, 0, 918, 65, '2016-04-26 12:00:25'),
(385, 12, 9, 0, 306, 20, '2016-04-26 12:00:25'),
(386, 15, 9, 0, 306, 17, '2016-04-26 12:00:25'),
(387, 17, 9, 0, 306, 15, '2016-04-26 12:00:25'),
(388, 18, 9, 0, 306, 17, '2016-04-26 12:00:25'),
(389, 19, 9, 0, 306, 17, '2016-04-26 12:00:25'),
(390, 27, 9, 0, 297, 8, '2016-04-26 12:00:25'),
(391, 2, 54, 0, 1890, 153, '2016-04-27 12:00:04'),
(392, 6, 27, 0, 945, 65, '2016-04-27 12:00:04'),
(393, 12, 9, 0, 315, 20, '2016-04-27 12:00:04'),
(394, 15, 9, 0, 315, 17, '2016-04-27 12:00:04'),
(395, 17, 9, 0, 315, 15, '2016-04-27 12:00:04'),
(396, 18, 9, 0, 315, 17, '2016-04-27 12:00:04'),
(397, 19, 9, 0, 315, 17, '2016-04-27 12:00:04'),
(398, 27, 9, 0, 306, 8, '2016-04-27 12:00:04'),
(399, 2, 54, 0, 1944, 153, '2016-04-28 12:00:04'),
(400, 6, 27, 0, 972, 65, '2016-04-28 12:00:04'),
(401, 12, 9, 0, 324, 20, '2016-04-28 12:00:04'),
(402, 15, 9, 0, 324, 17, '2016-04-28 12:00:04'),
(403, 17, 9, 0, 324, 15, '2016-04-28 12:00:04'),
(404, 18, 9, 0, 324, 17, '2016-04-28 12:00:04'),
(405, 19, 9, 0, 324, 17, '2016-04-28 12:00:04'),
(406, 27, 9, 0, 315, 8, '2016-04-28 12:00:04'),
(407, 2, 54, 0, 1998, 153, '2016-04-29 12:00:03'),
(408, 6, 27, 0, 999, 65, '2016-04-29 12:00:03'),
(409, 12, 9, 0, 333, 20, '2016-04-29 12:00:03'),
(410, 15, 9, 0, 333, 17, '2016-04-29 12:00:03'),
(411, 17, 9, 0, 333, 15, '2016-04-29 12:00:03'),
(412, 18, 9, 0, 333, 17, '2016-04-29 12:00:03'),
(413, 19, 9, 0, 333, 17, '2016-04-29 12:00:03'),
(414, 27, 9, 0, 324, 8, '2016-04-29 12:00:03'),
(415, 1, 0, 12000, 0, 12000, '1970-01-01 00:33:36'),
(416, 1, 0, 12000, 0, 12000, '1970-01-01 00:33:36'),
(417, 1, 0, 123456, 600000, 283456, '1970-01-01 00:33:36'),
(418, 1, 0, 123456, 600000, 283456, '2016-05-31 18:30:00'),
(419, 1, 0, 123456, 600000, 283456, '2016-05-31 18:30:00'),
(420, 1, 0, 123456, 600000, 283456, '2016-05-31 18:30:00'),
(421, 1, 0, 123456, 600000, 283456, '2016-05-31 18:30:00'),
(422, 1, 0, 123456, 600000, 283456, '2016-05-31 18:30:00'),
(423, 1, 0, 12345, 600000, 172345, '2016-05-31 18:30:00'),
(424, 1, 0, 12345, 600000, 172345, '2016-05-31 18:30:00'),
(425, 1, 0, 1223, 600000, 161223, '2016-05-31 18:30:00'),
(426, 1, 0, 14521, 600000, 174521, '2016-06-01 18:30:00'),
(427, 1, 0, 14521, 600000, 174521, '2016-06-01 18:30:00'),
(428, 1, 0, 14521, 600000, 174521, '2016-06-01 18:30:00'),
(429, 1, 0, 14521, 600000, 174521, '2016-06-01 18:30:00'),
(430, 1, 0, 14521, 600000, 174521, '2016-06-01 18:30:00'),
(431, 1, 0, 14521, 600000, 174521, '2016-06-01 18:30:00'),
(432, 1, 0, 14521, 600000, 174521, '2016-06-01 18:30:00'),
(433, 1, 0, 14521, 600000, 174521, '2016-06-01 18:30:00'),
(434, 1, 0, 223311, 600000, 383311, '2016-06-01 18:30:00'),
(435, 1, 150000, 321456, 750000, 481456, '1970-01-01 00:33:36'),
(436, 1, 150000, 321456, 750000, 481456, '2016-05-31 18:30:00'),
(437, 1, 150000, 441122, 750000, 601122, '2016-05-31 18:30:00'),
(438, 1, 150000, 65412, 750000, 225412, '2016-05-02 18:30:00'),
(439, 1, 150000, 65412, 750000, 225412, '2016-05-02 18:30:00'),
(440, 1, 150000, 65412, 750000, 225412, '2016-05-02 18:30:00'),
(441, 1, 150000, 445522, 750000, 605522, '2016-05-03 18:30:00'),
(442, 1, 150000, 445522, 750000, 605522, '2016-05-03 18:30:00'),
(443, 1, 150000, 445522, 750000, 605522, '2016-05-03 18:30:00'),
(444, 1, 150000, 665544, 750000, 825544, '2016-04-03 18:30:00'),
(445, 1, 150000, 665544, 750000, 825544, '2016-04-03 18:30:00'),
(446, 10, 4, 100, 20, 104, '2016-05-31 18:30:00'),
(447, 10, 4, 1000, 20, 1004, '2016-05-31 18:30:00'),
(448, 10, 4, 30, 20, 34, '2016-05-31 18:30:00'),
(449, 10, 4, 33, 20, 37, '2016-05-31 18:30:00'),
(450, 10, 4, 60, 20, 64, '2016-05-31 18:30:00'),
(451, 2, 54, 0, 2052, 153, '2016-06-17 06:51:30'),
(452, 6, 27, 0, 1026, 65, '2016-06-17 06:51:30'),
(453, 12, 9, 0, 342, 20, '2016-06-17 06:51:30'),
(454, 15, 9, 0, 342, 17, '2016-06-17 06:51:30'),
(455, 17, 9, 0, 342, 15, '2016-06-17 06:51:30'),
(456, 18, 9, 0, 342, 17, '2016-06-17 06:51:30'),
(457, 19, 9, 0, 342, 17, '2016-06-17 06:51:30'),
(458, 27, 9, 0, 333, 8, '2016-06-17 06:51:30'),
(459, 48, 1000, 0, 1000, 0, '2016-06-17 06:51:30'),
(460, 53, 50, 0, 50, 0, '2016-06-17 06:51:30'),
(461, 2, 54, 0, 2106, 153, '2016-06-17 06:53:28'),
(462, 6, 27, 0, 1053, 65, '2016-06-17 06:53:28'),
(463, 12, 9, 0, 351, 20, '2016-06-17 06:53:28'),
(464, 15, 9, 0, 351, 17, '2016-06-17 06:53:28'),
(465, 17, 9, 0, 351, 15, '2016-06-17 06:53:28'),
(466, 18, 9, 0, 351, 17, '2016-06-17 06:53:28'),
(467, 19, 9, 0, 351, 17, '2016-06-17 06:53:28'),
(468, 27, 9, 0, 342, 8, '2016-06-17 06:53:28'),
(469, 48, 1000, 0, 2000, 0, '2016-06-17 06:53:28'),
(470, 53, 50, 8, 100, 8, '2016-06-17 06:53:28'),
(471, 49, 200, 0, 200, 0, '2016-06-17 06:53:42'),
(472, 54, 10, 4, 10, 4, '2016-06-17 06:53:42'),
(473, 1, 150000, 0, 750000, 160000, '2016-06-17 06:53:50'),
(474, 3, 12, 0, 60, 10, '2016-06-17 06:53:50'),
(475, 4, 45, 0, 225, 45, '2016-06-17 06:53:50'),
(476, 5, 60, 0, 300, 60, '2016-06-17 06:53:50'),
(477, 10, 4, 0, 20, 4, '2016-06-17 06:53:50'),
(478, 11, 50000, 0, 250000, 45000, '2016-06-17 06:53:50'),
(479, 13, 4, 0, 20, 5, '2016-06-17 06:53:50'),
(480, 14, 50000, 0, 250000, 45000, '2016-06-17 06:53:50'),
(481, 16, 4, 0, 20, 3, '2016-06-17 06:53:50'),
(482, 20, 10, 0, 50, 9, '2016-06-17 06:53:50'),
(483, 21, 10, 0, 50, 12, '2016-06-17 06:53:50'),
(484, 22, 25, 0, 125, 27, '2016-06-17 06:53:50'),
(485, 23, 20, 0, 100, 18, '2016-06-17 06:53:50'),
(486, 24, 20, 0, 100, 20, '2016-06-17 06:53:50'),
(487, 25, 20, 0, 100, 16, '2016-06-17 06:53:50'),
(488, 29, 50000, 0, 250000, 55000, '2016-06-17 06:53:50'),
(489, 30, 25000000, 27000000, 100000000, 105000000, '2016-06-17 06:53:50'),
(490, 31, 25, 27, 100, 91, '2016-06-17 06:53:50'),
(491, 32, 2, 2.5, 8, 9.4, '2016-06-17 06:53:50'),
(492, 33, 500000, 550000, 2000000, 2200000, '2016-06-17 06:53:50'),
(493, 34, 1000000, 1500000, 4000000, 4750000, '2016-06-17 06:53:50'),
(494, 35, 250000, 260000, 1000000, 880000, '2016-06-17 06:53:50'),
(495, 36, 2000000, 2600000, 8000000, 9300000, '2016-06-17 06:53:50'),
(496, 37, 5, 6, 20, 24, '2016-06-17 06:53:50'),
(497, 38, 5, 7, 20, 28, '2016-06-17 06:53:50'),
(498, 39, 10, 11, 40, 46, '2016-06-17 06:53:50'),
(499, 40, 10, 12, 40, 46, '2016-06-17 06:53:50'),
(500, 41, 60, 68, 240, 267, '2016-06-17 06:53:50'),
(501, 42, 500000, 580000, 2000000, 2610000, '2016-06-17 06:53:50'),
(502, 43, 60, 66, 240, 276, '2016-06-17 06:53:50'),
(503, 44, 45, 46, 180, 201, '2016-06-17 06:53:50'),
(504, 45, 2, 2.5, 8, 9.9, '2016-06-17 06:53:50'),
(505, 46, 2000000, 2850000, 8000000, 8050000, '2016-06-17 06:53:50'),
(506, 47, 7.5, 9.5, 30, 28.5, '2016-06-17 06:53:50'),
(507, 50, 100, 0, 100, 0, '2016-06-17 06:53:50'),
(508, 55, 10, 6, 10, 6, '2016-06-17 06:53:50'),
(509, 56, 10, 5, 10, 5, '2016-06-17 06:53:50'),
(510, 51, 230, 0, 230, 0, '2016-06-17 06:53:57'),
(511, 57, 10, 9, 10, 9, '2016-06-17 06:53:57'),
(512, 52, 300, 0, 300, 0, '2016-06-17 06:54:08'),
(513, 58, 10, 7, 10, 7, '2016-06-17 06:54:08');

-- --------------------------------------------------------

--
-- Table structure for table `serial`
--

DROP TABLE IF EXISTS `serial`;
CREATE TABLE IF NOT EXISTS `serial` (
  `serial_id` int(10) NOT NULL AUTO_INCREMENT,
  `serial_key` text NOT NULL,
  `serial_key_name` text NOT NULL,
  `org_id` text NOT NULL,
  `org_name` text NOT NULL,
  `active_status` tinyint(2) NOT NULL,
  `created_time` timestamp NOT NULL DEFAULT CURRENT_TIMESTAMP,
  PRIMARY KEY (`serial_id`)
) ENGINE=MyISAM AUTO_INCREMENT=7 DEFAULT CHARSET=latin1;

--
-- Dumping data for table `serial`
--

INSERT INTO `serial` (`serial_id`, `serial_key`, `serial_key_name`, `org_id`, `org_name`, `active_status`, `created_time`) VALUES
(1, 'W86L9-SE84S-3KTOD-V6GSV-KKHQT-Z07A6-HHS4H-CPA5Y-UN01L-N7TRA-A1P0E-V8S43', 'serial-key-1465507709.enckey', '1', 'modernie', 1, '2016-06-09 21:28:29'),
(2, 'KIJLH-T8QZD-ZXDMU-DHKFT-ONUFT-WNZ8P-ZOQ2E-8PH0V-0VFAX-RPPC2-HVL9S-0ICAS', 'serial-key-1465507787.enckey', '2', 'Best_Trading_Company', 0, '2016-06-09 21:29:47'),
(3, 'WY1MA-Z6SGN-STMTU-CKTTE-FINNY-7T5DR-AHFJK-SADKM-OLT2U-27RI4-ARULZ-NMURK', 'serial-key-1465507817.enckey', '2', 'Best_Trading_Company', 0, '2016-06-09 21:30:17'),
(4, 'YB2ZM-W3AYN-MF2TJ-EI26M-DNC3A-9EBC5-76403-8Q3XD-Q3048-78GU7-VSN9U-494GX', 'serial-key-1465507835.enckey', '2', 'Best_Trading_Company', 0, '2016-06-09 21:30:35'),
(5, 'JN5P1-I4VGS-V6VP8-IVYJD-LTORL-YY3YL-7DBHT-1QTK3-TCVZO-8JOU8-WOHKT-W5XNU', 'serial-key-1465507910.enckey', '2', 'Best_Trading_Company', 0, '2016-06-09 21:31:51'),
(6, 'L6VZD-VKJ94-DZMEC-H9O5R-KFS3D-MX4ZP-N4ANI-SMYMC-TKLH7-YIHO3-Y0IF1-ALZC2', 'serial-key-1465672455.enckey', '3', 'Best_Manufacturing_Company', 0, '2016-06-11 19:14:15');

-- --------------------------------------------------------

--
-- Table structure for table `user`
--

DROP TABLE IF EXISTS `user`;
CREATE TABLE IF NOT EXISTS `user` (
  `user_id` int(50) NOT NULL AUTO_INCREMENT,
  `first_name` varchar(255) NOT NULL,
  `last_name` varchar(255) NOT NULL,
  `email` varchar(255) NOT NULL,
  `username` varchar(255) NOT NULL,
  `password` text NOT NULL,
  `user_type` varchar(100) NOT NULL,
  `pwd_uniq_id` text NOT NULL,
  `active_pwd` tinyint(2) NOT NULL DEFAULT '0',
  `created_time` timestamp NOT NULL DEFAULT CURRENT_TIMESTAMP,
  `active_status` tinyint(4) NOT NULL DEFAULT '1',
  PRIMARY KEY (`user_id`)
) ENGINE=InnoDB AUTO_INCREMENT=43 DEFAULT CHARSET=latin1;

--
-- Dumping data for table `user`
--

INSERT INTO `user` (`user_id`, `first_name`, `last_name`, `email`, `username`, `password`, `user_type`, `pwd_uniq_id`, `active_pwd`, `created_time`, `active_status`) VALUES
(1, 'sahan', 'elvitigala', 'sahan@gmail.com', 'sahan', '123', 'sys_admin', '', 0, '2016-02-13 02:35:24', 1),
(29, 'Lakshan', 'Hemantha', 'lakshan@modernie.com', 'Lakshan', '123', 'manager', '', 0, '2016-03-23 21:51:26', 1),
(30, 'Samitha', 'Undugoda', 'samitha@modernnie.com', 'samitha', '', 'division_head', '', 0, '2016-03-23 21:52:46', 1),
(31, 'Dushan', 'Maduranga', 'dushan@modernie.com', 'dushan', '', 'division_head', '', 0, '2016-03-23 21:53:16', 1),
(32, 'Best', 'Manager', 'bmanager@btc.com', 'bmanager', '', 'manager', '', 0, '2016-04-07 21:02:06', 1),
(33, 'best', 'Div_head', 'bdivhead@btc.om', 'bdivhead', '', 'division_head', '', 0, '2016-04-07 21:03:10', 1),
(34, 'Manufacturing', 'Manager', 'manufacturing@mail.com', 'Manufacturing Manager', '', 'user', '', 0, '2016-04-28 23:13:38', 1),
(35, 'Manufacturing', 'Div_head', 'manufacturing_div@mail.com', 'Manufacturing_Division_head', '123', 'division_head', '', 0, '2016-04-28 23:21:21', 1),
(36, 'Saha', 'Elvitigala', 'sahansachintha2010@gmail.com', 'sahansachintha2010@gmail.co', '123', 'manager', '5cdb541c16b4b82ea63daaf13f6b3708cf461b38', 1, '2016-05-04 14:09:28', 1),
(37, 'Sameera', 'Perera', 'sahan@modernie.com', 'sameera', '456', 'manager', 'de9dd948cbc888658c537701951b2f462f6b52f4', 1, '2016-05-04 15:47:55', 1),
(38, 'Lakshan', 'De Soysa', 'lakshan@modernie.com', 'lakshane', 'laks5690', 'manager', '34f9e4bdac3c07bfce1e1b7bcc6a1780053f89f9', 1, '2016-05-04 22:03:03', 1),
(39, 'Samantha', 'Samantha', 'samantha@modernie.com', 'Samantha', '456', 'sys_admin', '', 0, '2016-05-11 00:54:05', 1),
(42, 'sahan2', 'sahan2', 'sahansachintha2010@gmail.com', 'sahan2', '123', 'manager', '6ee15ed6d6c7c963d5197bcdd9b07b20853baa15', 0, '2016-05-17 00:20:25', 1);

/*!40101 SET CHARACTER_SET_CLIENT=@OLD_CHARACTER_SET_CLIENT */;
/*!40101 SET CHARACTER_SET_RESULTS=@OLD_CHARACTER_SET_RESULTS */;
/*!40101 SET COLLATION_CONNECTION=@OLD_COLLATION_CONNECTION */;
